data;horario;n_da_ocorrencia;tipo_de_ocorrencia;km;trecho;sentido;tipo_de_acidente;automovel;bicicleta;caminhao;moto;onibus;outros;tracao_animal;transporte_de_cargas_especiais;trator_maquinas;utilitarios;ilesos;levemente_feridos;moderadamente_feridos;gravemente_feridos;mortos
"19/05/2023";"13:48:00";"117";"ac02-Acide";"440,95";"BR-153/GO";"Sul";"Queda de Moto";0;0;0;1;0;1;0;0;0;0;0;1;0;0;0
"19/05/2023";"14:53:00";"131";"ac01-Acide";"794,5";"BR-153/TO";"Sul";"Colisão lateral no sentido contrário";0;0;2;0;0;0;0;0;0;0;1;0;0;0;1
"19/05/2023";"15:22:00";"135";"ac02-Acide";"321,95";"BR-153/GO";"Norte";"Colisão Traseira";0;0;2;0;0;0;0;0;0;0;1;0;1;0;0
"19/05/2023";"16:58:00";"151";"ac02-Acide";"351";"BR-414/GO";"Norte";"Colisão lateral no mesmo sentido";1;0;0;0;0;0;0;0;0;1;2;3;1;0;0
"19/05/2023";"18:32:00";"162";"ac02-Acide";"131";"BR-080/GO";"Norte";"Saida de Pista";1;0;0;0;0;0;0;0;0;0;0;1;0;0;0
"19/05/2023";"22:05:00";"189";"ac03-Acide";"321";"BR-153/GO";"Norte";"Colisão Traseira";0;0;1;0;0;1;0;0;0;0;1;0;0;0;0
"20/05/2023";"00:11:00";"3";"ac03-Acide";"439,8";"BR-414/GO";"Norte";"Colisão Frontal";2;0;0;0;0;0;0;0;0;0;0;5;0;0;0
"20/05/2023";"07:20:00";"44";"ac03-Acide";"334";"BR-153/GO";"Sul";"Saida de Pista";0;0;0;0;0;0;0;0;0;1;0;0;0;0;0
"20/05/2023";"08:27:00";"59";"ac02-Acide";"312,1";"BR-153/GO";"Norte";"Queda de Moto";0;0;0;1;0;0;0;0;0;0;0;1;0;0;0
"20/05/2023";"08:51:00";"63";"ac03-Acide";"440,3";"BR-414/GO";"Sul";"Colisão lateral no mesmo sentido";1;0;1;0;0;0;0;0;0;0;0;0;0;0;0
"20/05/2023";"17:13:00";"119";"ac03-Acide";"262,499";"BR-153/GO";"Norte";"Colisão Frontal";1;0;1;0;0;1;0;0;0;0;1;0;1;0;0
"20/05/2023";"22:00:00";"148";"ac03-Acide";"184";"BR-153/GO";"Norte";"Tombamento";0;0;1;0;0;0;0;0;0;0;1;0;0;0;0
"21/05/2023";"10:01:00";"60";"ac03-Acide";"659";"BR-153/TO";"Norte";"Tombamento";0;0;1;0;0;0;0;0;0;0;1;0;0;0;0
"21/05/2023";"16:47:00";"104";"ac03-Acide";"442";"BR-153/GO";"Norte";"Capotamento";1;0;0;0;0;0;0;0;0;0;0;0;0;0;0
"21/05/2023";"17:00:00";"107";"ac02-Acide";"436";"BR-414/GO";"Norte";"Colisão lateral no mesmo sentido";1;0;0;1;0;0;0;0;0;0;1;1;0;0;0
"21/05/2023";"20:14:00";"137";"ac02-Acide";"757";"BR-153/TO";"Sul";"Queda de Moto";0;0;0;1;0;0;0;0;0;0;0;0;0;1;0
"21/05/2023";"21:53:00";"148";"ac03-Acide";"132";"BR-080/GO";"Norte";"Saida de Pista";1;0;0;0;0;0;0;0;0;0;3;0;0;0;0
"22/05/2023";"07:56:00";"35";"ac02-Acide";"672,25";"BR-153/TO";"Norte";"Atropelamento de Animal";0;0;0;1;0;0;0;0;0;0;0;1;1;0;0
"22/05/2023";"18:20:00";"135";"ac02-Acide";"799";"BR-153/TO";"Norte";"Colisão lateral no sentido contrário";0;0;0;0;0;0;0;0;0;2;1;0;1;0;0
"22/05/2023";"19:44:00";"145";"ac03-Acide";"360";"BR-414/GO";"Norte";"Choque - Poste";0;0;1;0;0;0;0;0;0;0;1;0;0;0;0
"22/05/2023";"19:58:00";"146";"ac03-Acide";"440";"BR-414/GO";"Norte";"Queda de Moto";0;0;0;1;0;0;0;0;0;0;2;0;0;0;0
"22/05/2023";"21:26:00";"165";"ac03-Acide";"361";"BR-153/GO";"Norte";"Saida de Pista";1;0;0;0;0;0;0;0;0;0;2;0;0;0;0
"23/05/2023";"04:50:00";"18";"ac02-Acide";"214";"BR-153/GO";"Sul";"Queda de Moto";0;0;0;1;0;0;0;0;0;0;0;0;1;0;0
"23/05/2023";"08:33:00";"43";"ac02-Acide";"715";"BR-153/TO";"Sul";"Queda de Moto";0;0;0;1;0;0;0;0;0;0;0;0;1;0;0
"25/05/2023";"08:26:00";"50";"ac03-Acide";"201";"BR-153/GO";"Sul";"Colisão Traseira";2;0;0;0;0;0;0;0;0;0;2;0;0;0;0
"25/05/2023";"13:35:00";"96";"ac02-Acide";"749";"BR-153/TO";"Norte";"Colisão Frontal";1;0;1;0;0;0;0;0;0;1;3;1;1;0;0
"25/05/2023";"15:10:00";"107";"ac03-Acide";"437";"BR-414/GO";"Sul";"Colisão lateral no sentido contrário";1;0;0;1;0;0;0;0;0;0;3;0;0;0;0
"25/05/2023";"16:18:00";"122";"ac03-Acide";"677";"BR-153/TO";"Sul";"Engavetamento";1;0;2;0;0;0;0;0;0;0;4;0;0;0;0
"25/05/2023";"18:47:00";"143";"ac03-Acide";"692";"BR-153/TO";"Sul";"Colisão Traseira";0;0;1;0;0;0;0;0;0;0;1;0;0;0;0
"25/05/2023";"19:16:00";"146";"ac03-Acide";"762";"BR-153/TO";"Sul";"Saida de Pista";1;0;0;0;0;0;0;0;0;0;0;4;0;0;0
"25/05/2023";"20:26:00";"161";"ac03-Acide";"437";"BR-414/GO";"Norte";"Colisão lateral no mesmo sentido";1;0;0;1;0;0;0;0;0;0;0;0;0;0;0
"26/05/2023";"12:05:00";"88";"ac02-Acide";"636,8";"BR-153/TO";"Norte";"Colisão Frontal";1;0;0;0;1;1;0;0;0;0;9;1;0;0;0
"26/05/2023";"13:54:00";"98";"ac03-Acide";"381";"BR-153/GO";"Sul";"Colisão lateral no mesmo sentido";1;0;0;0;1;0;0;0;0;0;1;1;0;0;0
"26/05/2023";"18:21:00";"139";"ac02-Acide";"434";"BR-153/GO";"Norte";"Atropelamento - Morador";0;0;0;1;0;0;0;0;0;0;1;0;1;1;0
"27/05/2023";"01:17:00";"4";"ac01-Acide";"130,15";"BR-153/GO";"Sul";"Colisão lateral no mesmo sentido";0;0;0;1;0;1;0;0;0;0;0;0;0;0;1
"27/05/2023";"06:46:00";"31";"ac01-Acide";"442,7";"BR-153/GO";"Sul";"Atropelamento - Andarilho";0;0;0;0;1;0;0;0;0;0;1;0;0;0;1
"27/05/2023";"16:06:00";"129";"ac02-Acide";"317,9";"BR-153/GO";"Norte";"Colisão lateral no mesmo sentido";0;0;0;2;0;0;0;0;0;0;0;1;0;0;0
"27/05/2023";"21:21:00";"175";"ac02-Acide";"706";"BR-153/TO";"Sul";"Queda de Moto";0;0;0;1;0;0;0;0;0;0;0;2;0;0;0
"28/05/2023";"08:59:00";"49";"ac03-Acide";"375";"BR-153/GO";"Norte";"Colisão lateral no sentido contrário";2;0;0;0;0;0;0;0;0;0;2;0;0;0;0
"28/05/2023";"16:08:00";"116";"ac02-Acide";"371";"BR-153/GO";"Sul";"Colisão Traseira";2;0;0;0;0;0;0;0;0;0;0;2;1;0;0
"29/05/2023";"20:02:00";"175";"ac03-Acide";"126";"BR-153/GO";"Norte";"Atropelamento de Animal";1;0;0;0;0;0;0;0;0;0;4;0;0;0;0
"29/05/2023";"20:42:00";"178";"ac03-Acide";"730";"BR-153/TO";"Sul";"Colisão lateral no mesmo sentido";0;0;2;0;0;0;0;0;0;0;2;0;0;0;0
"30/05/2023";"01:42:00";"14";"ac02-Acide";"245,95";"BR-153/GO";"Sul";"Capotamento";1;0;0;0;0;0;0;0;0;0;2;3;0;0;0
"30/05/2023";"08:54:00";"52";"ac03-Acide";"208";"BR-153/GO";"Sul";"Colisão Traseira";1;0;1;0;0;1;0;0;0;0;0;4;0;0;0
"30/05/2023";"18:24:00";"126";"ac03-Acide";"436,5";"BR-153/GO";"Sul";"Choque - Defensa metálica";1;0;0;0;0;0;0;0;0;0;3;0;0;0;0
"31/05/2023";"06:46:00";"32";"ac03-Acide";"433";"BR-153/GO";"Sul";"Colisão Traseira";2;0;0;0;0;0;0;0;0;0;4;0;0;0;0
"31/05/2023";"19:02:00";"150";"ac03-Acide";"431";"BR-414/GO";"Sul";"Colisão lateral no mesmo sentido";0;0;1;0;0;0;0;0;0;1;3;0;0;0;0
"01/06/2023";"05:31:00";"30";"ac03-Acide";"355";"BR-153/GO";"Sul";"Colisão Transversal";0;0;1;0;0;0;0;0;0;1;2;0;0;0;0
"01/06/2023";"20:39:00";"174";"ac03-Acide";"420";"BR-153/GO";"Sul";"Saida de Pista";0;0;0;0;0;1;0;0;0;1;1;0;0;0;0
"02/06/2023";"14:43:00";"111";"ac03-Acide";"167";"BR-080/GO";"Norte";"Choque - Arvore";1;0;0;0;0;0;0;0;0;0;1;0;0;0;0
"03/06/2023";"04:29:00";"23";"ac02-Acide";"437";"BR-414/GO";"Norte";"Colisão Traseira";0;0;0;1;0;1;0;0;0;0;0;0;1;0;0
"03/06/2023";"10:34:00";"71";"ac03-Acide";"439";"BR-414/GO";"Norte";"Saida de Pista";1;0;0;0;0;1;0;0;0;0;1;0;0;0;0
"03/06/2023";"12:49:00";"97";"ac03-Acide";"130";"BR-153/GO";"Sul";"Colisão Traseira";2;0;1;0;0;0;0;0;0;0;8;0;0;0;0
"03/06/2023";"20:58:00";"173";"ac02-Acide";"410,5";"BR-414/GO";"Sul";"Atropelamento - Ciclista";1;1;0;0;0;0;0;0;0;0;2;0;1;0;0
"03/06/2023";"23:29:00";"194";"ac03-Acide";"90,1";"BR-153/GO";"Norte";"Choque - Arvore";1;0;0;0;0;0;0;0;0;0;2;0;0;0;0
"04/06/2023";"03:42:00";"19";"ac03-Acide";"385,5";"BR-414/GO";"Norte";"Colisão lateral no sentido contrário";2;0;0;0;0;0;0;0;0;0;0;6;0;0;0
"04/06/2023";"08:30:00";"52";"ac03-Acide";"349,8";"BR-414/GO";"Sul";"Atropelamento de Animal";1;0;0;0;0;0;0;0;0;0;2;0;0;0;0
"04/06/2023";"09:23:00";"62";"ac03-Acide";"71";"BR-153/GO";"Norte";"Colisão lateral no mesmo sentido";1;0;1;0;0;1;0;0;0;0;1;0;0;0;0
"04/06/2023";"14:58:00";"108";"ac03-Acide";"100,5";"BR-153/GO";"Sul";"Atropelamento de Animal";1;0;0;0;0;0;0;0;0;0;1;0;0;0;0
"04/06/2023";"21:16:00";"191";"ac02-Acide";"435";"BR-414/GO";"Norte";"Atropelamento de Animal";1;0;0;0;0;0;0;0;0;0;2;0;1;0;0
"05/06/2023";"04:55:00";"28";"ac03-Acide";"365";"BR-414/GO";"Sul";"Choque - Meio fio";1;0;0;0;0;0;0;0;0;0;0;0;0;0;0
"05/06/2023";"07:12:00";"49";"ac03-Acide";"433";"BR-153/GO";"Norte";"Colisão lateral no mesmo sentido";1;0;0;0;0;0;0;0;0;1;3;0;0;0;0
"05/06/2023";"15:49:00";"131";"ac03-Acide";"318,2";"BR-153/GO";"Sul";"Choque - Veiculo parado na pista";1;0;1;0;0;0;0;0;0;0;4;0;0;0;0
"05/06/2023";"16:26:00";"138";"ac03-Acide";"442,9";"BR-153/GO";"Norte";"Colisão lateral no mesmo sentido";0;0;1;0;0;0;0;0;0;1;2;0;0;0;0
"05/06/2023";"18:31:00";"160";"ac03-Acide";"171,5";"BR-153/GO";"Norte";"Queda de Moto";0;0;0;1;0;0;0;0;0;0;0;2;0;0;0
"06/06/2023";"06:50:00";"33";"ac03-Acide";"331";"BR-153/GO";"Norte";"Atropelamento de Animal";1;0;0;0;0;0;0;0;0;0;1;0;0;0;0
"06/06/2023";"08:13:00";"43";"ac03-Acide";"296,1";"BR-153/GO";"Norte";"Colisão Transversal";1;0;1;0;0;0;0;0;0;0;1;0;1;0;0
"06/06/2023";"14:19:00";"97";"ac03-Acide";"778";"BR-153/TO";"Norte";"Atropelamento de Animal";1;0;0;0;0;0;0;0;0;0;2;0;0;0;0
"06/06/2023";"17:14:00";"130";"ac03-Acide";"707";"BR-153/TO";"Sul";"Colisão lateral no mesmo sentido";1;0;0;0;0;1;0;0;0;0;2;0;0;0;0
"06/06/2023";"17:22:00";"134";"ac02-Acide";"116";"BR-153/GO";"Sul";"Choque na praça – submarino";0;0;1;0;0;0;0;0;0;0;0;1;0;0;0
"06/06/2023";"20:44:00";"161";"ac03-Acide";"278";"BR-153/GO";"Sul";"Saida de Pista";1;0;0;0;0;0;0;0;0;0;0;1;0;0;0
"07/06/2023";"18:45:00";"194";"ac02-Acide";"679";"BR-153/TO";"Norte";"Colisão lateral no sentido contrário";1;0;1;0;0;0;0;0;0;0;2;1;0;0;0
"07/06/2023";"20:52:00";"216";"ac03-Acide";"406";"BR-414/GO";"Norte";"Colisão Traseira";0;0;0;0;0;1;0;0;0;1;4;0;0;0;0
"08/06/2023";"07:51:00";"46";"ac03-Acide";"182";"BR-153/GO";"Sul";"Colisão Traseira";0;0;1;0;0;0;0;0;0;1;5;0;0;0;0
"08/06/2023";"12:04:00";"92";"ac02-Acide";"303";"BR-153/GO";"Sul";"Colisão Transversal";2;0;0;0;0;0;0;0;0;0;6;1;0;0;0
"08/06/2023";"13:45:00";"105";"ac03-Acide";"221,9";"BR-153/GO";"Norte";"Saida de Pista";1;0;1;0;0;1;0;0;0;0;1;1;0;0;0
"08/06/2023";"20:02:00";"174";"ac03-Acide";"762";"BR-153/TO";"Norte";"Saida de Pista";1;0;0;0;0;0;0;0;0;0;0;0;0;0;0
"09/06/2023";"06:20:00";"18";"ac02-Acide";"788";"BR-153/TO";"Norte";"Saida de Pista";0;0;1;0;0;1;0;0;0;0;1;1;0;0;0
"09/06/2023";"12:11:00";"80";"ac03-Acide";"437,001";"BR-153/GO";"Norte";"Choque - Defensa metálica";0;0;1;0;0;0;0;0;0;0;1;0;0;0;0
"09/06/2023";"18:19:00";"138";"ac02-Acide";"362";"BR-153/GO";"Norte";"Colisão lateral no sentido contrário";1;0;1;0;0;0;0;0;0;0;1;1;1;0;0
"09/06/2023";"18:33:00";"140";"ac01-Acide";"251,02";"BR-153/GO";"Norte";"Colisão Frontal";2;0;1;0;0;0;0;0;0;0;5;0;0;1;2
"09/06/2023";"19:46:00";"153";"ac02-Acide";"177";"BR-153/GO";"Sul";"Colisão lateral no sentido contrário";3;0;0;0;0;0;0;0;0;0;9;3;0;0;0
"09/06/2023";"22:45:00";"170";"ac02-Acide";"752";"BR-153/TO";"Norte";"Queda de Moto";0;0;0;1;0;0;0;0;0;0;0;2;0;0;0
"10/06/2023";"02:54:00";"12";"ac03-Acide";"753,7";"BR-153/TO";"Norte";"Saida de Pista";1;0;0;0;0;0;0;0;0;0;2;0;0;0;0
"10/06/2023";"07:23:00";"47";"ac02-Acide";"223";"BR-153/GO";"Norte";"Tombamento";0;0;1;0;0;1;0;0;0;0;0;0;1;0;0
"10/06/2023";"15:29:00";"124";"ac02-Acide";"425";"BR-414/GO";"Norte";"Colisão Traseira";2;0;0;0;0;0;0;0;0;0;1;1;0;0;0
"10/06/2023";"18:49:00";"165";"ac03-Acide";"438";"BR-153/GO";"Norte";"Queda de Moto";0;0;0;1;0;0;0;0;0;0;0;0;0;1;0
"10/06/2023";"18:54:00";"166";"ac03-Acide";"126,11";"BR-080/GO";"Norte";"Saida de Pista";1;0;0;0;0;0;0;0;0;0;0;1;0;0;0
"10/06/2023";"19:23:00";"173";"ac03-Acide";"659";"BR-153/TO";"Norte";"Queda de Moto";0;0;0;1;0;0;0;0;0;0;1;0;0;0;0
"11/06/2023";"00:02:00";"1";"ac03-Acide";"435";"BR-414/GO";"Sul";"Capotamento";1;0;0;0;0;0;0;0;0;0;0;0;0;0;0
"11/06/2023";"01:49:00";"14";"ac03-Acide";"440";"BR-153/GO";"Norte";"Colisão lateral no mesmo sentido";1;0;0;0;0;1;0;0;0;0;1;0;0;0;0
"11/06/2023";"03:50:00";"19";"ac01-Acide";"306,5";"BR-153/GO";"Norte";"Colisão Frontal";2;0;0;0;0;0;0;0;0;0;0;0;0;1;2
"11/06/2023";"05:28:00";"28";"ac02-Acide";"382";"BR-414/GO";"Norte";"Saida de Pista";1;0;0;0;0;0;0;0;0;0;0;1;0;0;0
"11/06/2023";"16:00:00";"134";"ac02-Acide";"628,5";"BR-153/TO";"Norte";"Colisão lateral no mesmo sentido";1;0;1;0;0;0;0;0;0;0;1;2;0;0;0
"11/06/2023";"19:14:00";"175";"ac03-Acide";"437,3";"BR-414/GO";"Norte";"Engavetamento";4;0;0;0;0;1;0;0;0;0;10;0;0;0;0
"11/06/2023";"19:19:00";"177";"ac03-Acide";"63,2";"BR-153/GO";"Sul";"Saida de Pista";1;0;0;0;0;0;0;0;0;0;0;3;0;0;0
"12/06/2023";"00:19:00";"4";"ac03-Acide";"406,3";"BR-414/GO";"Norte";"Atropelamento de Animal";0;0;1;0;0;0;0;0;0;0;2;0;0;0;0
"12/06/2023";"02:38:00";"15";"ac03-Acide";"211";"BR-153/GO";"Norte";"Saida de Pista";1;0;0;0;0;0;0;0;0;0;1;0;0;0;0
"12/06/2023";"07:32:00";"50";"ac02-Acide";"419";"BR-153/GO";"Norte";"Queda de Moto";0;0;0;1;0;0;0;0;0;0;0;2;0;0;0
"12/06/2023";"10:32:00";"86";"ac03-Acide";"348";"BR-153/GO";"Norte";"Colisão lateral no mesmo sentido";0;0;0;0;0;1;0;0;0;1;1;0;0;0;0
"12/06/2023";"19:33:00";"162";"ac03-Acide";"90";"BR-153/GO";"Sul";"Atropelamento de Animal";1;0;0;0;0;0;0;0;0;0;3;0;0;0;0
"12/06/2023";"19:57:00";"167";"ac03-Acide";"422";"BR-153/GO";"Norte";"Atropelamento de Animal";1;0;0;0;0;0;0;0;0;0;4;0;0;0;0
"13/06/2023";"08:45:00";"23";"ac03-Acide";"360";"BR-153/GO";"Norte";"Saida de Pista";1;0;0;0;0;0;0;0;0;0;2;0;0;0;0
"13/06/2023";"17:00:00";"91";"ac03-Acide";"87";"BR-153/GO";"Sul";"Colisão Traseira";0;0;2;0;0;0;0;0;0;0;1;1;0;0;0
"13/06/2023";"18:49:00";"115";"ac03-Acide";"671";"BR-153/TO";"Sul";"Colisão Traseira";0;0;0;1;0;1;0;0;0;0;3;0;0;0;0
"13/06/2023";"22:42:00";"146";"ac03-Acide";"133,57";"BR-080/GO";"Sul";"Saida de Pista";1;0;0;0;0;0;0;0;0;0;0;0;0;0;0
"13/06/2023";"23:53:00";"152";"ac03-Acide";"383";"BR-414/GO";"Sul";"Saida de Pista";1;0;0;0;0;0;0;0;0;0;0;0;0;0;0
"14/06/2023";"13:02:00";"96";"ac03-Acide";"109";"BR-153/GO";"Sul";"Colisão Frontal";1;0;2;0;0;0;0;0;0;0;0;0;0;0;0
"14/06/2023";"23:03:00";"174";"ac03-Acide";"341";"BR-153/GO";"Norte";"Saida de Pista";1;0;0;0;0;0;0;0;0;0;0;1;0;0;0
"15/06/2023";"00:52:00";"5";"ac03-Acide";"3";"BR-153/GO";"Sul";"Colisão lateral no mesmo sentido";0;0;0;0;2;0;0;0;0;0;17;0;0;0;0
"15/06/2023";"11:31:00";"86";"ac03-Acide";"414,7";"BR-414/GO";"Norte";"Choque - Defensa metálica";0;0;1;0;0;0;0;0;0;0;1;0;0;0;0
"15/06/2023";"14:31:00";"114";"ac03-Acide";"175";"BR-153/GO";"Sul";"Colisão Traseira";0;0;1;0;0;0;0;0;0;1;0;0;0;0;0
"15/06/2023";"16:10:00";"136";"ac02-Acide";"701,8";"BR-153/TO";"Norte";"Colisão lateral no sentido contrário";1;0;1;0;0;0;0;0;0;0;1;1;1;0;0
"15/06/2023";"18:53:00";"165";"ac02-Acide";"785";"BR-153/TO";"Norte";"Colisão lateral no sentido contrário";0;0;1;0;1;0;0;0;0;0;17;1;1;0;0
"15/06/2023";"22:56:00";"199";"ac02-Acide";"430";"BR-153/GO";"Sul";"Capotamento";1;0;0;0;0;0;0;0;0;0;0;0;1;0;0
"16/06/2023";"00:17:00";"4";"ac03-Acide";"305,5";"BR-153/GO";"Norte";"Capotamento";0;0;0;0;0;0;0;0;0;1;1;0;0;0;0
"16/06/2023";"07:06:00";"29";"ac03-Acide";"442";"BR-153/GO";"Norte";"Choque - Defensa metálica";1;0;0;0;0;0;0;0;0;0;1;0;0;0;0
"16/06/2023";"07:07:00";"30";"ac03-Acide";"356";"BR-153/GO";"Sul";"Colisão lateral no mesmo sentido";0;0;2;0;0;0;0;0;0;0;2;0;0;0;0
"16/06/2023";"12:43:00";"92";"ac03-Acide";"792";"BR-153/TO";"Norte";"Colisão Traseira";0;0;3;0;0;0;0;0;0;0;3;0;0;0;0
"16/06/2023";"15:06:00";"120";"ac03-Acide";"117,5";"BR-080/GO";"Sul";"Colisão Traseira";1;0;0;0;0;1;0;0;0;0;1;0;0;0;0
"16/06/2023";"16:04:00";"126";"ac02-Acide";"208";"BR-153/GO";"Sul";"Colisão Traseira";2;0;0;0;0;1;0;0;0;0;1;1;0;0;0
"16/06/2023";"16:25:00";"133";"ac03-Acide";"150";"BR-153/GO";"Norte";"Colisão lateral no mesmo sentido";1;0;1;0;0;0;0;0;0;0;3;0;0;0;0
"16/06/2023";"18:47:00";"166";"ac03-Acide";"72";"BR-153/GO";"Norte";"Saida de Pista";1;0;0;0;0;0;0;0;0;0;1;0;0;0;0
"16/06/2023";"19:32:00";"172";"ac03-Acide";"380,8";"BR-153/GO";"Sul";"Saida de Pista";1;0;0;0;0;0;0;0;0;0;3;0;0;0;0
"17/06/2023";"01:08:00";"6";"ac02-Acide";"677";"BR-153/TO";"Norte";"Saida de Pista";1;0;0;0;0;0;0;0;0;0;0;2;0;0;0
"17/06/2023";"07:05:00";"20";"ac03-Acide";"436";"BR-153/GO";"Sul";"Colisão Traseira";1;0;0;1;0;0;0;0;0;0;2;0;0;0;0
"17/06/2023";"15:25:00";"106";"ac02-Acide";"169";"BR-153/GO";"Norte";"Colisão Frontal";1;0;1;0;0;0;0;0;0;0;1;1;0;1;0
"18/06/2023";"15:14:00";"114";"ac03-Acide";"74";"BR-153/GO";"Norte";"Colisão Transversal";1;0;0;1;0;0;0;0;0;0;3;0;0;0;0
"18/06/2023";"18:42:00";"154";"ac02-Acide";"440,4";"BR-414/GO";"Sul";"Colisão lateral no mesmo sentido";1;0;0;0;0;0;0;0;0;1;3;0;2;0;0
"19/06/2023";"20:56:00";"178";"ac02-Acide";"442";"BR-153/GO";"Sul";"Queda de Moto";1;0;0;0;0;1;0;0;0;0;0;0;1;0;0
"20/06/2023";"05:35:00";"18";"ac02-Acide";"232";"BR-153/GO";"Norte";"Tombamento";0;0;0;0;0;0;0;0;0;1;0;2;0;0;0
"20/06/2023";"07:43:00";"43";"ac03-Acide";"208";"BR-153/GO";"Sul";"Colisão Traseira";1;0;0;0;0;1;0;0;0;0;3;0;0;0;0
"20/06/2023";"10:35:00";"69";"ac03-Acide";"356";"BR-153/GO";"Norte";"Colisão Transversal";2;0;0;0;0;0;0;0;0;0;2;0;0;0;0
"20/06/2023";"14:13:00";"100";"ac03-Acide";"103,5";"BR-153/GO";"Sul";"Tombamento";0;0;1;0;0;0;0;0;0;0;3;0;0;0;0
"20/06/2023";"17:54:00";"129";"ac03-Acide";"647";"BR-153/TO";"Sul";"Colisão lateral no sentido contrário";0;0;1;0;0;0;0;0;0;1;1;1;0;0;0
"20/06/2023";"18:50:00";"137";"ac02-Acide";"198";"BR-153/GO";"Norte";"Colisão Frontal";0;0;1;0;0;0;0;0;0;1;1;2;0;0;0
"20/06/2023";"20:46:00";"152";"ac03-Acide";"344";"BR-153/GO";"Sul";"Saida de Pista";1;0;0;0;0;0;0;0;0;0;3;0;0;0;0
"21/06/2023";"01:47:00";"8";"ac02-Acide";"427";"BR-153/GO";"Norte";"Capotamento";1;0;0;0;0;0;0;0;0;0;0;0;1;0;0
"21/06/2023";"14:03:00";"104";"ac03-Acide";"82";"BR-153/GO";"Norte";"Saida de Pista";0;0;1;0;0;0;0;0;0;0;1;0;0;0;0
"21/06/2023";"14:49:00";"111";"ac03-Acide";"112";"BR-153/GO";"Sul";"Saida de Pista";1;0;0;0;0;0;0;0;0;0;1;0;0;0;0
"22/06/2023";"01:35:00";"3";"ac03-Acide";"437";"BR-414/GO";"Sul";"Capotamento";0;0;0;1;0;0;0;0;0;0;1;0;0;0;0
"22/06/2023";"07:58:00";"39";"ac03-Acide";"436";"BR-153/GO";"Sul";"Queda de Moto";0;0;0;1;0;0;0;0;0;0;1;0;0;0;0
"22/06/2023";"10:32:00";"67";"ac02-Acide";"786";"BR-153/TO";"Sul";"Colisão Traseira";0;0;2;0;0;0;0;0;0;0;1;0;1;0;0
"23/06/2023";"09:27:00";"51";"ac03-Acide";"788,5";"BR-153/TO";"Norte";"Colisão Traseira";0;0;3;0;0;0;0;0;0;0;2;1;0;0;0
"23/06/2023";"12:13:00";"71";"ac03-Acide";"439,5";"BR-414/GO";"Sul";"Queda de Moto";0;0;0;1;0;1;0;0;0;0;0;0;0;0;0
"23/06/2023";"19:35:00";"148";"ac03-Acide";"132";"BR-080/GO";"Sul";"Colisão Transversal";2;0;0;0;0;0;0;0;0;0;2;0;0;0;0
"24/06/2023";"07:37:00";"45";"ac03-Acide";"646";"BR-153/TO";"Norte";"Colisão Traseira";1;0;0;0;0;1;0;0;0;0;3;1;0;0;0
"24/06/2023";"18:26:00";"159";"ac03-Acide";"428";"BR-153/GO";"Sul";"Colisão lateral no mesmo sentido";1;0;0;1;0;0;0;0;0;0;2;0;1;0;0
"25/06/2023";"13:02:00";"85";"ac03-Acide";"132";"BR-080/GO";"Norte";"Capotamento";1;0;0;0;0;0;0;0;0;0;2;0;0;0;0
"25/06/2023";"14:19:00";"93";"ac03-Acide";"26";"BR-153/GO";"Sul";"Queda de Moto";0;0;0;1;0;0;0;0;0;0;2;0;0;0;0
"25/06/2023";"16:10:00";"119";"ac01-Acide";"114";"BR-153/GO";"Sul";"Saida de Pista";0;0;1;0;0;0;0;0;0;0;0;0;0;0;1
"25/06/2023";"19:43:00";"160";"ac03-Acide";"302";"BR-414/GO";"Sul";"Atropelamento de Animal";1;0;0;0;0;0;0;0;0;0;3;0;0;0;0
"25/06/2023";"23:28:00";"183";"ac03-Acide";"439";"BR-153/GO";"Sul";"Choque - Defensa metálica";1;0;0;0;0;0;0;0;0;0;0;2;0;0;0
"25/06/2023";"23:58:00";"187";"ac03-Acide";"306";"BR-414/GO";"Sul";"Saida de Pista";1;0;0;0;0;0;0;0;0;0;2;0;0;0;0
"26/06/2023";"08:13:00";"42";"ac03-Acide";"416";"BR-414/GO";"Norte";"Colisão Traseira";1;0;0;0;0;0;0;0;0;1;2;0;0;0;0
"26/06/2023";"14:18:00";"86";"ac03-Acide";"289,4";"BR-153/GO";"Norte";"Queda de Moto";0;0;0;1;0;0;0;0;0;0;1;0;0;0;0
"26/06/2023";"21:44:00";"156";"ac03-Acide";"356,42";"BR-153/GO";"Sul";"Colisão lateral no sentido contrário";1;0;1;0;0;0;0;0;0;0;2;0;0;0;0
"27/06/2023";"07:11:00";"28";"ac01-Acide";"28,7";"BR-153/GO";"Sul";"Saida de Pista";1;0;0;0;0;0;0;0;0;0;0;0;0;0;2
"27/06/2023";"07:51:00";"33";"ac03-Acide";"441";"BR-153/GO";"Norte";"Choque - Defensa metálica";1;0;0;0;0;0;0;0;0;0;1;0;0;0;0
"27/06/2023";"13:23:00";"92";"ac03-Acide";"437,1";"BR-153/GO";"Norte";"Colisão lateral no mesmo sentido";2;0;0;0;0;0;0;0;0;0;1;0;1;0;0
"27/06/2023";"14:17:00";"103";"ac03-Acide";"437";"BR-153/GO";"Norte";"Colisão Traseira";2;0;0;0;0;1;0;0;0;0;0;0;0;0;0
"27/06/2023";"18:18:00";"151";"ac02-Acide";"285";"BR-153/GO";"Sul";"Colisão Traseira";1;0;0;1;0;0;0;0;0;0;0;0;1;0;0
"27/06/2023";"20:26:00";"174";"ac03-Acide";"305,8";"BR-153/GO";"Sul";"Choque - Meio fio";1;0;0;0;0;0;0;0;0;0;1;0;0;0;0
"28/06/2023";"21:29:00";"175";"ac02-Acide";"681,5";"BR-153/TO";"Norte";"Capotamento";1;0;0;0;0;0;0;0;0;0;0;1;1;1;0