data;horario;n_da_ocorrencia;tipo_de_ocorrencia;km;trecho;sentido;tipo_de_acidente;automovel;bicicleta;caminhao;moto;onibus;outros;tracao_animal;transporte_de_cargas_especiais;trator_maquinas;utilitarios;ilesos;levemente_feridos;moderadamente_feridos;gravemente_feridos;mortos
"20/12/2023";"05:49:00";"32";"ac03 - Aci";"158,75";"BR-153/GO";"Norte";"Saida de Pista";1;0;0;0;0;0;0;0;0;0;2;0;0;0;0
"20/12/2023";"06:12:00";"34";"ac03 - Aci";"443";"BR-153/GO";"Norte";"Atropelamento de Animal";0;0;0;0;0;0;0;0;0;1;1;0;0;0;0
"20/12/2023";"09:00:00";"75";"ac02 - Aci";"259,5";"BR-153/GO";"Norte";"Capotamento";1;0;0;0;0;0;0;0;0;0;0;1;0;0;0
"20/12/2023";"11:09:00";"106";"ac03 - Aci";"742,1";"BR-153/TO";"Norte";"Colisão Traseira";1;0;0;0;0;1;0;0;0;0;3;0;0;0;0
"20/12/2023";"12:37:00";"120";"ac02 - Aci";"200";"BR-153/GO";"Norte";"Colisão Transversal";1;0;1;0;0;0;0;0;0;0;1;0;1;0;0
"20/12/2023";"15:26:00";"143";"ac03 - Aci";"153";"BR-153/GO";"Sul";"Saida de Pista";1;0;0;0;0;1;0;0;0;0;4;0;0;0;0
"20/12/2023";"15:34:00";"146";"ac02 - Aci";"76,4";"BR-153/GO";"Sul";"Colisão Transversal";1;0;2;0;0;0;0;0;0;0;2;1;0;0;0
"20/12/2023";"15:46:00";"150";"ac03 - Aci";"323";"BR-153/GO";"Sul";"Saida de Pista";0;0;1;0;0;0;0;0;0;0;2;0;0;0;0
"20/12/2023";"18:58:00";"177";"ac03 - Aci";"437";"BR-414/GO";"Sul";"Colisão Traseira";1;0;0;0;0;1;0;0;0;0;2;0;0;0;0
"20/12/2023";"22:39:00";"214";"ac03 - Aci";"133";"BR-153/GO";"Norte";"Colisão Traseira";0;0;1;0;0;1;0;0;0;0;2;0;0;0;0
"21/12/2023";"04:43:00";"18";"ac03 - Aci";"723,1";"BR-153/TO";"Norte";"Colisão lateral no sentido contrário";1;0;0;0;0;1;0;0;0;0;1;0;0;0;0
"21/12/2023";"06:23:00";"29";"ac03 - Aci";"305";"BR-153/GO";"Norte";"Saida de Pista";0;0;1;0;0;0;0;0;0;0;1;0;0;0;0
"21/12/2023";"08:34:00";"62";"ac02 - Aci";"412";"BR-153/GO";"Sul";"Colisão Frontal";2;0;0;0;0;1;0;0;0;0;2;1;0;0;0
"21/12/2023";"08:39:00";"63";"ac03 - Aci";"349";"BR-153/GO";"Sul";"Saida de Pista";1;0;0;0;0;0;0;0;0;0;1;0;0;0;0
"21/12/2023";"08:44:00";"65";"ac03 - Aci";"220";"BR-153/GO";"Sul";"Colisão Traseira";0;0;2;0;0;0;0;0;0;0;2;0;0;0;0
"21/12/2023";"09:16:00";"70";"ac02 - Aci";"314,5";"BR-153/GO";"Norte";"Colisão Frontal";2;0;0;0;0;1;0;0;0;0;2;1;1;0;0
"21/12/2023";"11:17:00";"93";"ac03 - Aci";"199";"BR-153/GO";"Sul";"Colisão Traseira";2;0;0;0;0;0;0;0;0;0;3;0;0;0;0
"21/12/2023";"11:50:00";"100";"ac03 - Aci";"721";"BR-153/TO";"Norte";"Colisão Frontal";1;0;1;0;0;0;0;0;0;0;5;0;0;0;0
"21/12/2023";"11:52:00";"102";"ac03 - Aci";"126";"BR-080/GO";"Norte";"Saida de Pista";1;0;0;0;0;0;0;0;0;0;5;0;0;0;0
"21/12/2023";"14:39:00";"125";"ac03 - Aci";"648,5";"BR-153/TO";"Sul";"Colisão Traseira";1;0;1;0;0;0;0;0;0;1;7;0;0;0;0
"21/12/2023";"15:09:00";"128";"ac03 - Aci";"333";"BR-414/GO";"Norte";"Saida de Pista";0;0;0;0;0;0;0;0;0;1;1;0;0;0;0
"21/12/2023";"17:13:00";"152";"ac03 - Aci";"356,3";"BR-153/GO";"Norte";"Colisão Transversal";2;0;0;0;0;0;0;0;0;0;6;0;0;0;0
"21/12/2023";"18:55:00";"161";"ac03 - Aci";"723";"BR-153/TO";"Norte";"Colisão Traseira";2;0;0;0;0;0;0;0;0;0;2;0;0;0;0
"21/12/2023";"22:17:00";"199";"ac03 - Aci";"356";"BR-153/GO";"Norte";"Colisão lateral no sentido contrário";1;0;0;0;0;0;0;0;0;1;9;0;0;0;0
"21/12/2023";"22:57:00";"202";"ac03 - Aci";"200,6";"BR-153/GO";"Norte";"Colisão Transversal";1;0;1;0;0;0;0;0;0;0;1;0;0;0;0
"22/12/2023";"16:41:00";"207";"ac03 - Aci";"373";"BR-153/GO";"Norte";"Colisão Traseira";0;0;2;0;0;0;0;0;0;0;2;0;0;0;0
"22/12/2023";"18:54:00";"237";"ac03 - Aci";"135";"BR-153/GO";"Sul";"Saida de Pista";1;0;0;0;0;0;0;0;0;0;2;0;0;0;0
"23/12/2023";"04:55:00";"35";"ac02 - Aci";"124";"BR-153/GO";"Sul";"Colisão Transversal";0;0;1;0;0;0;0;0;0;1;1;0;2;1;0
"23/12/2023";"08:53:00";"72";"ac02 - Aci";"323";"BR-153/GO";"Norte";"Colisão Traseira";1;0;0;1;0;0;0;0;0;0;3;0;1;0;0
"23/12/2023";"10:48:00";"103";"ac03 - Aci";"440";"BR-414/GO";"Norte";"Colisão Traseira";2;0;0;0;0;0;0;0;0;0;2;0;0;0;0
"23/12/2023";"15:17:00";"149";"ac03 - Aci";"372";"BR-153/GO";"Norte";"Colisão Traseira";2;0;0;0;0;0;0;0;0;0;4;0;0;0;0
"23/12/2023";"21:21:00";"226";"ac03 - Aci";"55";"BR-153/GO";"Norte";"Atropelamento de Animal";1;0;0;0;0;0;0;0;0;0;1;0;0;0;0
"23/12/2023";"21:59:00";"234";"ac02 - Aci";"356";"BR-153/GO";"Sul";"Colisão Transversal";1;0;1;0;0;0;0;0;0;0;1;1;0;0;0
"24/12/2023";"00:10:00";"1";"ac02 - Aci";"318";"BR-153/GO";"Norte";"Colisão Traseira";1;0;0;0;0;1;0;0;0;0;0;3;0;0;0
"24/12/2023";"01:22:00";"10";"ac03 - Aci";"437";"BR-153/GO";"Sul";"Saida de Pista";1;0;0;0;0;0;0;0;0;0;1;0;0;0;0
"24/12/2023";"01:46:00";"14";"ac01 - Aci";"682";"BR-153/TO";"Norte";"Colisão Traseira";1;0;0;1;0;0;0;0;0;0;1;0;0;0;2
"24/12/2023";"04:34:00";"28";"ac03 - Aci";"105";"BR-153/GO";"Sul";"Atropelamento de Animal";1;0;0;0;0;0;0;0;0;0;1;0;0;0;0
"24/12/2023";"09:56:00";"107";"ac02 - Aci";"211";"BR-153/GO";"Norte";"Colisão Transversal";0;0;0;0;0;0;0;0;0;2;8;1;0;0;0
"24/12/2023";"10:50:00";"126";"ac03 - Aci";"427";"BR-153/GO";"Sul";"Saida de Pista";1;0;0;0;0;0;0;0;0;0;2;0;0;0;0
"24/12/2023";"20:33:00";"208";"ac02 - Aci";"348";"BR-153/GO";"Norte";"Colisão lateral no mesmo sentido";0;0;0;1;0;1;0;0;0;0;0;0;1;0;0
"25/12/2023";"09:21:00";"52";"ac01 - Aci";"244,9";"BR-153/GO";"Norte";"Colisão Frontal";1;0;1;0;0;0;0;0;0;0;1;0;0;0;1
"25/12/2023";"17:18:00";"137";"ac03 - Aci";"376";"BR-153/GO";"Sul";"Colisão Traseira";1;0;0;0;0;1;0;0;0;0;5;0;0;0;0
"25/12/2023";"19:06:00";"158";"ac03 - Aci";"436";"BR-414/GO";"Sul";"Engavetamento";3;0;0;0;0;1;0;0;0;0;7;0;0;0;0
"25/12/2023";"21:50:00";"187";"ac03 - Aci";"284";"BR-153/GO";"Norte";"Atropelamento de Animal";1;0;0;0;0;0;0;0;0;0;4;0;0;0;0
"25/12/2023";"23:39:00";"196";"ac03 - Aci";"368";"BR-414/GO";"Norte";"Saida de Pista";1;0;0;0;0;0;0;0;0;0;1;0;0;0;0
"26/12/2023";"00:51:00";"3";"ac03 - Aci";"296,5";"BR-153/GO";"Norte";"Saida de Pista";1;0;0;0;0;0;0;0;0;0;1;0;0;0;0
"26/12/2023";"03:34:00";"21";"ac02 - Aci";"157";"BR-153/GO";"Norte";"Saida de Pista";1;0;0;0;0;0;0;0;0;0;0;1;0;0;0
"26/12/2023";"07:34:00";"54";"ac03 - Aci";"434,7";"BR-153/GO";"Sul";"Colisão lateral no mesmo sentido";0;0;0;1;0;0;0;0;0;0;1;0;0;0;0
"26/12/2023";"16:29:00";"195";"ac03 - Aci";"279,5";"BR-153/GO";"Sul";"Saida de Pista";0;0;0;0;0;0;0;0;0;1;1;0;0;0;0
"26/12/2023";"19:59:00";"241";"ac03 - Aci";"375";"BR-153/GO";"Norte";"Saida de Pista";1;0;0;0;0;0;0;0;0;0;3;0;0;0;0
"26/12/2023";"22:13:00";"253";"ac03 - Aci";"751";"BR-153/TO";"Norte";"Saida de Pista";1;0;0;0;0;0;0;0;0;0;5;0;0;0;0
"27/12/2023";"01:22:00";"13";"ac03 - Aci";"126";"BR-153/GO";"Sul";"Atropelamento de Animal";1;0;0;0;0;0;0;0;0;0;2;0;0;0;0
"27/12/2023";"14:14:00";"129";"ac03 - Aci";"259";"BR-153/GO";"Norte";"Colisão lateral no mesmo sentido";1;0;1;0;0;0;0;0;0;0;7;0;0;0;0
"28/12/2023";"09:37:00";"77";"ac02 - Aci";"29";"BR-153/GO";"Norte";"Saida de Pista";1;0;0;0;0;1;0;0;0;0;0;4;0;0;0
"28/12/2023";"14:11:00";"115";"ac03 - Aci";"432";"BR-153/GO";"Sul";"Queda de Moto";0;0;0;1;0;0;0;0;0;0;2;0;0;0;0
"28/12/2023";"18:18:00";"161";"ac02 - Aci";"440";"BR-414/GO";"Sul";"Colisão lateral no mesmo sentido";1;0;0;1;0;0;0;0;0;0;1;1;0;0;0
"28/12/2023";"23:36:00";"202";"ac03 - Aci";"766,5";"BR-153/TO";"Norte";"Saida de Pista";1;0;0;0;0;0;0;0;0;0;4;0;0;0;0
"29/12/2023";"01:04:00";"6";"ac03 - Aci";"361";"BR-153/GO";"Norte";"Atropelamento de Animal";1;0;0;0;0;0;0;0;0;0;4;0;0;0;0
"29/12/2023";"05:16:00";"25";"ac03 - Aci";"355";"BR-414/GO";"Norte";"Saida de Pista";1;0;0;0;0;0;0;0;0;0;1;0;0;0;0
"29/12/2023";"07:25:00";"46";"ac02 - Aci";"175";"BR-153/GO";"Norte";"Colisão lateral no mesmo sentido";1;0;0;1;0;0;0;0;0;0;3;1;0;0;0
"29/12/2023";"10:27:00";"86";"ac03 - Aci";"634,8";"BR-153/TO";"Norte";"Colisão lateral no mesmo sentido";1;0;1;0;0;0;0;0;0;0;7;0;0;0;0
"29/12/2023";"14:14:00";"118";"ac03 - Aci";"208,1";"BR-153/GO";"Norte";"Saida de Pista";1;0;0;0;0;0;0;0;0;0;1;0;0;0;0
"29/12/2023";"14:48:00";"126";"ac03 - Aci";"270";"BR-153/GO";"Sul";"Colisão lateral no mesmo sentido";1;0;1;0;0;0;0;0;0;0;3;0;0;0;0
"29/12/2023";"16:18:00";"144";"ac03 - Aci";"348";"BR-414/GO";"Norte";"Saida de Pista";1;0;0;0;0;0;0;0;0;0;1;0;0;0;0
"29/12/2023";"21:11:00";"195";"ac03 - Aci";"282,6";"BR-153/GO";"Sul";"Saida de Pista";1;0;0;0;0;0;0;0;0;0;1;0;0;0;0
"29/12/2023";"21:16:00";"196";"ac02 - Aci";"437";"BR-414/GO";"Sul";"Queda de Moto";0;0;0;1;0;0;0;0;0;0;0;0;1;0;0
"30/12/2023";"02:56:00";"16";"ac03 - Aci";"376";"BR-153/GO";"Norte";"Saida de Pista";1;0;0;0;0;0;0;0;0;0;4;0;0;0;0
"30/12/2023";"06:39:00";"33";"ac03 - Aci";"99";"BR-080/GO";"Sul";"Saida de Pista";1;0;0;0;0;0;0;0;0;0;1;0;0;0;0
"30/12/2023";"08:45:00";"68";"ac03 - Aci";"107";"BR-153/GO";"Sul";"Colisão Frontal";0;0;1;1;0;0;0;0;0;0;2;0;0;0;0
"30/12/2023";"13:47:00";"121";"ac02 - Aci";"664";"BR-153/TO";"Sul";"Colisão lateral no mesmo sentido";1;0;1;0;0;0;0;0;0;0;2;1;0;0;0
"30/12/2023";"15:32:00";"144";"ac02 - Aci";"73";"BR-153/GO";"Norte";"Engavetamento";2;0;1;0;0;0;0;0;0;0;7;1;0;0;0
"30/12/2023";"16:10:00";"156";"ac03 - Aci";"203,16";"BR-153/GO";"Norte";"Saida de Pista";0;0;1;0;0;0;0;0;0;0;1;0;0;0;0
"30/12/2023";"20:47:00";"217";"ac02 - Aci";"434";"BR-153/GO";"Norte";"Atropelamento - Andarilho";0;0;0;1;0;0;0;0;0;0;0;2;0;0;0
"30/12/2023";"21:04:00";"222";"ac03 - Aci";"372";"BR-414/GO";"Norte";"Saida de Pista";1;0;0;0;0;0;0;0;0;0;5;0;0;0;0
"30/12/2023";"23:07:00";"237";"ac02 - Aci";"432";"BR-153/GO";"Sul";"Queda de Moto";0;0;0;1;0;1;0;0;0;0;0;1;0;0;0
"31/12/2023";"01:30:00";"10";"ac03 - Aci";"383,3";"BR-414/GO";"Norte";"Saida de Pista";1;0;0;0;0;0;0;0;0;0;2;0;0;0;0
"31/12/2023";"04:30:00";"23";"ac01 - Aci";"675,5";"BR-153/TO";"Sul";"Atropelamento - Ciclista";0;1;0;0;0;1;0;0;0;0;0;0;0;0;1
"31/12/2023";"15:11:00";"127";"ac03 - Aci";"761";"BR-153/TO";"Norte";"Colisão Transversal";1;0;0;1;0;0;0;0;0;0;2;0;0;0;0
"31/12/2023";"16:24:00";"136";"ac03 - Aci";"722";"BR-153/TO";"Sul";"Colisão Transversal";1;0;1;0;0;0;0;0;0;0;2;0;0;0;0
"31/12/2023";"16:42:00";"141";"ac03 - Aci";"284";"BR-153/GO";"Sul";"Colisão Traseira";1;0;0;0;0;0;0;0;0;1;5;0;0;0;0
"01/01/2024";"00:53:00";"4";"Sem vítima";"426,000";"BR-153/GO";"Crescente";"Saída de pista";1;0;0;0;0;0;0;0;0;0;1;0;0;0;0
"01/01/2024";"04:47:00";"23";"Sem vítima";"789,000";"BR-153/TO";"Crescente";"Saída de pista";1;0;0;0;0;0;0;0;0;0;5;0;0;0;0
"01/01/2024";"12:55:00";"93";"Sem vítima";"132,100";"BR-080/GO";"Decrescente";"Saída de pista";1;0;0;0;0;0;0;0;0;0;3;0;0;0;0
"01/01/2024";"16:28:00";"137";"Sem vítima";"366,900";"BR-153/GO";"Crescente";"Colisão traseira";1;0;0;0;0;1;0;0;0;0;4;0;0;0;0
"01/01/2024";"16:38:00";"143";"Sem vítima";"368,000";"BR-414/GO";"Crescente";"Saída de pista";1;0;0;0;0;0;0;0;0;0;1;0;0;0;0
"01/01/2024";"18:40:00";"170";"Sem vítima";"320,900";"BR-153/GO";"Decrescente";"Tombamento";0;0;1;0;0;0;0;0;0;0;1;0;0;0;0
"01/01/2024";"20:32:00";"183";"Com vítima";"424,000";"BR-153/GO";"Crescente";"Colisão traseira";1;0;0;1;0;1;0;0;0;0;2;0;0;1;0
"02/01/2024";"02:01:00";"8";"Com vítima";"768,000";"BR-153/TO";"Decrescente";"Atropelamento de animal";1;0;0;0;0;0;0;0;0;0;1;0;0;0;0
"02/01/2024";"03:33:00";"19";"Com vítima";"356,000";"BR-153/GO";"Crescente";"Colisão transversal";1;0;1;0;0;0;0;0;0;0;3;2;0;1;0
"02/01/2024";"07:02:00";"38";"Sem vítima";"373,500";"BR-153/GO";"Crescente";"Engavetamento";1;0;0;0;0;0;0;0;0;1;5;0;0;0;0
"02/01/2024";"07:25:00";"40";"Sem vítima";"337,000";"BR-153/GO";"Decrescente";"Queda de moto";0;0;0;1;0;0;0;0;0;0;2;0;0;0;0
"02/01/2024";"11:01:00";"92";"Sem vítima";"67,000";"BR-153/GO";"Crescente";"Colisão traseira";2;0;0;0;0;0;0;0;0;0;10;0;0;0;0
"02/01/2024";"18:49:00";"175";"Sem vítima";"626,000";"BR-153/TO";"Decrescente";"Atropelamento de animal";1;0;0;0;0;0;0;0;0;0;4;0;0;0;0
"02/01/2024";"22:26:00";"195";"Com vítima";"188,000";"BR-153/GO";"Decrescente";"Atropelamento de animal";1;0;0;0;0;0;0;0;0;0;2;0;0;0;0
"03/01/2024";"10:45:00";"92";"Sem vítima";"363,700";"BR-153/GO";"Crescente";"Saída de pista";1;0;0;0;0;0;0;0;0;0;3;0;0;0;0
"03/01/2024";"13:01:00";"114";"Sem vítima";"210,000";"BR-153/GO";"Crescente";"Saída de pista";0;0;1;0;0;0;0;0;0;0;2;0;0;0;0
"03/01/2024";"16:38:00";"159";"Sem vítima";"4,000";"BR-153/GO";"Decrescente";"Saída de pista";0;0;0;0;0;0;0;0;0;1;1;0;0;0;0
"03/01/2024";"20:36:00";"188";"Com vítima";"374,900";"BR-153/GO";"Crescente";"Colisão frontal";1;0;0;0;0;0;0;0;0;0;3;0;0;0;0
"04/01/2024";"00:10:00";"1";"Com vítima";"176,000";"BR-153/GO";"Crescente";"Colisão traseira";1;0;0;0;0;1;0;0;0;0;2;1;1;0;0
"04/01/2024";"09:28:00";"55";"Sem vítima";"351,500";"BR-153/GO";"Decrescente";"Colisão traseira";0;0;1;0;0;0;0;0;0;1;2;0;0;0;0
"04/01/2024";"14:39:00";"126";"Com vítima";"385,000";"BR-153/GO";"Decrescente";"Queda de moto";0;0;0;1;0;0;0;0;0;0;0;1;0;0;0
"04/01/2024";"15:07:00";"135";"Sem vítima";"439,000";"BR-414/GO";"Crescente";"Colisão traseira";2;0;0;0;0;0;0;0;0;0;6;0;0;0;0
"04/01/2024";"15:40:00";"143";"Com vítima";"413,400";"BR-153/GO";"Decrescente";"Saída de pista";1;0;0;0;0;0;0;0;0;0;0;0;1;0;0
"04/01/2024";"17:40:00";"166";"Sem vítima";"162,000";"BR-080/GO";"Decrescente";"Saída de pista";1;0;0;0;0;0;0;0;0;1;5;0;0;0;0
"04/01/2024";"19:22:00";"188";"Com vítima";"281,500";"BR-153/GO";"Decrescente";"Atropelamento de animal";0;0;1;0;0;0;0;0;0;0;1;0;0;0;0
"05/01/2024";"00:10:00";"1";"Sem vítima";"720,000";"BR-153/TO";"Crescente";"Saída de pista";1;0;0;0;0;1;0;0;0;0;2;0;0;0;0
"05/01/2024";"06:08:00";"35";"Com vítima";"376,000";"BR-153/GO";"Crescente";"Colisão traseira";1;0;1;0;0;0;0;0;0;0;2;2;1;0;0
"05/01/2024";"06:46:00";"43";"Sem vítima";"685,000";"BR-153/TO";"Crescente";"Saída de pista";1;0;0;0;0;0;0;0;0;0;1;0;0;0;0
"05/01/2024";"13:30:00";"102";"Com vítima";"418,800";"BR-153/GO";"Decrescente";"Capotamento";1;0;0;0;0;0;0;0;0;0;0;1;0;0;0
"05/01/2024";"18:11:00";"157";"Sem vítima";"1,000";"BR-153/GO";"Decrescente";"Colisão traseira";0;0;0;0;0;2;0;0;0;0;2;0;0;0;0
"05/01/2024";"21:31:00";"183";"Sem vítima";"786,000";"BR-153/TO";"Crescente";"Atropelamento de animal";0;0;0;0;0;0;0;0;0;1;2;0;0;0;0
"06/01/2024";"04:20:00";"18";"Sem vítima";"759,000";"BR-153/TO";"Decrescente";"Choque";1;0;0;0;0;0;0;0;0;0;1;0;0;0;0
"06/01/2024";"10:33:00";"84";"Com vítima";"439,000";"BR-414/GO";"Crescente";"Colisão transversal";1;0;0;1;0;0;0;0;0;0;1;1;0;0;0
"06/01/2024";"11:19:00";"97";"Sem vítima";"208,000";"BR-153/GO";"Crescente";"Colisão traseira";1;0;1;0;0;0;0;0;0;0;3;0;0;0;0
"06/01/2024";"20:33:00";"196";"Sem vítima";"226,000";"BR-153/GO";"Crescente";"Colisão traseira";0;0;0;0;1;1;0;0;0;0;12;0;0;0;0
"07/01/2024";"04:47:00";"24";"Com vítima";"380,000";"BR-414/GO";"Crescente";"Saída de pista";0;0;0;0;0;0;0;0;0;1;0;2;0;0;0
"07/01/2024";"05:35:00";"31";"Sem vítima";"717,000";"BR-153/TO";"Decrescente";"Colisão lateral em sentido contrário";1;0;1;0;0;0;0;0;0;0;6;0;0;0;0
"07/01/2024";"05:42:00";"33";"Sem vítima";"120,000";"BR-080/GO";"Crescente";"Saída de pista";0;0;1;0;0;0;0;0;0;0;1;0;0;0;0
"07/01/2024";"12:06:00";"116";"Com vítima";"295,000";"BR-153/GO";"Crescente";"Queda de moto";0;0;0;1;0;0;0;0;0;0;1;1;0;0;0
"07/01/2024";"14:49:00";"141";"Sem vítima";"281,000";"BR-153/GO";"Decrescente";"Saída de pista";1;0;0;0;0;0;0;0;0;0;1;0;0;0;0
"07/01/2024";"17:36:00";"180";"Sem vítima";"432,500";"BR-414/GO";"Decrescente";"Saída de pista";1;0;0;0;0;0;0;0;0;0;1;0;0;0;0
"07/01/2024";"23:26:00";"255";"Sem vítima";"424,000";"BR-414/GO";"Crescente";"Atropelamento de animal";1;0;0;0;0;0;0;0;0;0;1;0;0;0;0
"08/01/2024";"03:12:00";"16";"Sem vítima";"287,100";"BR-153/GO";"Crescente";"Saída de pista";0;0;0;0;0;0;0;0;0;1;3;0;0;0;0
"08/01/2024";"05:45:00";"37";"Sem vítima";"355,900";"BR-153/GO";"Crescente";"Colisão transversal";2;0;0;0;0;0;0;0;0;0;4;0;0;0;0
"08/01/2024";"10:32:00";"96";"Sem vítima";"363,000";"BR-153/GO";"Crescente";"Colisão traseira";1;0;0;0;0;0;0;0;0;1;2;0;0;0;0
"08/01/2024";"11:10:00";"105";"Sem vítima";"126,800";"BR-080/GO";"Crescente";"Saída de pista";0;0;0;0;0;1;0;0;0;0;1;0;0;0;0
"09/01/2024";"13:02:00";"100";"Com vítima";"386,000";"BR-414/GO";"Crescente";"Queda de moto";0;0;0;1;0;0;0;0;0;0;0;0;1;0;0
"09/01/2024";"15:47:00";"138";"Sem vítima";"175,000";"BR-080/GO";"Decrescente";"Saída de pista";1;0;0;0;0;0;0;0;0;0;2;0;0;0;0
"09/01/2024";"17:45:00";"159";"Sem vítima";"442,300";"BR-153/GO";"Decrescente";"Saída de pista";1;0;0;0;0;1;0;0;0;0;4;0;0;0;0
"09/01/2024";"21:00:00";"188";"Sem vítima";"199,500";"BR-153/GO";"Crescente";"Colisão transversal";0;0;0;0;0;0;0;0;0;2;2;0;0;0;0
"10/01/2024";"07:05:00";"36";"Sem vítima";"667,000";"BR-153/TO";"Crescente";"Colisão traseira";1;0;1;0;0;0;0;0;0;0;5;0;0;0;0
"10/01/2024";"08:07:00";"45";"Com vítima";"87,800";"BR-153/GO";"Crescente";"Capotamento";1;0;0;0;0;0;0;0;0;0;1;3;0;0;0
"10/01/2024";"10:57:00";"85";"Com vítima";"439,000";"BR-414/GO";"Crescente";"Colisão transversal";0;0;1;1;0;0;0;0;0;0;1;0;1;0;0
"10/01/2024";"17:49:00";"152";"Com vítima";"358,000";"BR-153/GO";"Decrescente";"Colisão lateral no mesmo sentido";0;0;0;1;0;0;0;0;0;1;2;0;0;1;0
"10/01/2024";"22:32:00";"183";"Com vítima";"304,000";"BR-414/GO";"Crescente";"Saída de pista";0;0;0;0;0;0;0;0;0;1;0;1;0;1;0
"10/01/2024";"23:02:00";"185";"Sem vítima";"102,000";"BR-153/GO";"Crescente";"Atropelamento de animal";0;0;0;0;0;1;0;0;0;0;1;0;0;0;0
"11/01/2024";"04:13:00";"16";"Com vítima";"416,900";"BR-153/GO";"Decrescente";"Atropelamento de animal";1;0;0;0;0;0;0;0;0;0;5;0;0;0;0
"11/01/2024";"05:36:00";"26";"Sem vítima";"279,000";"BR-153/GO";"Crescente";"Saída de pista";0;0;0;0;1;0;0;0;0;0;25;0;0;0;0
"11/01/2024";"07:22:00";"37";"Sem vítima";"126,000";"BR-080/GO";"Crescente";"Saída de pista";1;0;0;0;0;0;0;0;0;0;1;0;0;0;0
"11/01/2024";"09:35:00";"68";"Sem vítima";"130,900";"BR-153/GO";"Decrescente";"Engavetamento";1;0;1;0;0;1;0;0;0;0;5;0;0;0;0
"11/01/2024";"10:59:00";"85";"Com vítima";"28,000";"BR-153/GO";"Crescente";"Saída de pista";1;0;0;0;0;0;0;0;0;0;0;1;0;0;0
"11/01/2024";"21:13:00";"171";"Com vítima";"296,000";"BR-153/GO";"Decrescente";"Colisão traseira";1;0;0;0;0;1;0;0;0;0;5;1;0;0;0
"12/01/2024";"05:19:00";"29";"Sem vítima";"442,100";"BR-153/GO";"Decrescente";"Saída de pista";1;0;0;0;0;0;0;0;0;0;1;0;0;0;0
"12/01/2024";"05:38:00";"33";"Sem vítima";"300,000";"BR-414/GO";"Decrescente";"Saída de pista";1;0;0;0;0;0;0;0;0;0;1;0;0;0;0
"13/01/2024";"11:36:00";"101";"Sem vítima";"673,000";"BR-153/TO";"Decrescente";"Colisão traseira";1;0;0;0;0;0;0;0;0;1;4;0;0;0;0
"13/01/2024";"18:29:00";"161";"Com vítima";"388,000";"BR-414/GO";"Decrescente";"Acidentes de outra natureza";1;0;0;0;0;0;0;0;0;0;0;1;0;0;0
"13/01/2024";"21:21:00";"182";"Com vítima";"402,000";"BR-153/GO";"Decrescente";"Colisão transversal";2;0;0;0;0;0;0;0;0;0;7;2;0;0;0
"14/01/2024";"08:50:00";"60";"Sem vítima";"745,000";"BR-153/TO";"Crescente";"Colisão traseira";2;0;0;0;0;0;0;0;0;0;3;0;0;0;0
"14/01/2024";"14:42:00";"107";"Sem vítima";"126,000";"BR-153/GO";"Decrescente";"Colisão traseira";0;0;1;0;0;2;0;0;0;0;3;0;0;0;0
"14/01/2024";"15:55:00";"121";"Sem vítima";"306,000";"BR-414/GO";"Crescente";"Saída de pista";1;0;0;0;0;0;0;0;0;0;1;0;0;0;0
"14/01/2024";"16:55:00";"136";"Com vítima";"273,000";"BR-153/GO";"Decrescente";"Colisão frontal";2;0;0;0;0;1;0;0;0;0;1;0;6;0;0
"14/01/2024";"19:29:00";"155";"Sem vítima";"363,000";"BR-414/GO";"Decrescente";"Saída de pista";1;0;0;0;0;0;0;0;0;0;2;0;0;0;0
"14/01/2024";"20:50:00";"162";"Sem vítima";"170,165";"BR-080/GO";"Decrescente";"Saída de pista";1;0;0;0;0;1;0;0;0;0;3;0;0;0;0
"14/01/2024";"22:28:00";"175";"Com vítima";"415,600";"BR-414/GO";"Crescente";"Atropelamento de animal";1;0;0;0;0;0;0;0;0;0;1;0;0;0;0
"15/01/2024";"16:44:00";"163";"Sem vítima";"679,000";"BR-153/TO";"Crescente";"Saída de pista";0;0;1;0;0;1;0;0;0;0;2;0;0;0;0
"15/01/2024";"18:29:00";"181";"Sem vítima";"390,000";"BR-414/GO";"Crescente";"Saída de pista";1;0;0;0;0;0;0;0;0;0;1;0;0;0;0
"16/01/2024";"04:37:00";"17";"Sem vítima";"797,000";"BR-153/TO";"Decrescente";"Saída de pista";0;0;0;0;0;1;0;0;0;0;1;0;0;0;0
"16/01/2024";"05:29:00";"20";"Com vítima";"683,000";"BR-153/TO";"Decrescente";"Choque";0;0;0;1;0;0;0;0;0;0;0;1;0;0;0
"16/01/2024";"17:31:00";"150";"Sem vítima";"438,000";"BR-153/GO";"Crescente";"Queda de moto";0;0;0;1;0;0;0;0;0;0;1;0;0;0;0
"16/01/2024";"20:35:00";"186";"Sem vítima";"126,000";"BR-080/GO";"Decrescente";"Saída de pista";1;0;0;0;0;0;0;0;0;0;3;0;0;0;0
"17/01/2024";"16:05:00";"150";"Com vítima";"695,000";"BR-153/TO";"Decrescente";"Saída de pista";0;0;0;1;0;1;0;0;0;0;1;1;0;0;0