data;horario;n_da_ocorrencia;tipo_de_ocorrencia;km;trecho;sentido;tipo_de_acidente;automovel;bicicleta;caminhao;moto;onibus;outros;tracao_animal;transporte_de_cargas_especiais;trator_maquinas;utilitarios;ilesos;levemente_feridos;moderadamente_feridos;gravemente_feridos;mortos
"17/01/2024";"16:24:00";"152";"Com vítima";"431,000";"BR-153/GO";"Decrescente";"Queda de moto";0;0;0;1;0;0;0;0;0;0;0;0;1;0;0
"18/01/2024";"05:17:00";"26";"Com vítima";"172,500";"BR-153/GO";"Decrescente";"Colisão transversal";2;0;0;0;0;0;0;0;0;0;2;0;1;0;0
"18/01/2024";"07:46:00";"46";"Sem vítima";"200,000";"BR-153/GO";"Decrescente";"Colisão transversal";1;0;0;1;0;0;0;0;0;0;3;0;0;0;0
"18/01/2024";"16:22:00";"144";"Sem vítima";"385,000";"BR-414/GO";"Crescente";"Saída de pista";0;0;0;0;0;0;0;0;0;1;1;0;0;0;0
"18/01/2024";"16:52:00";"152";"Com vítima";"116,000";"BR-153/GO";"Decrescente";"Colisão traseira";2;0;0;0;0;0;0;0;0;0;6;1;0;0;0
"18/01/2024";"17:58:00";"169";"Sem vítima";"385,805";"BR-153/GO";"Crescente";"Saída de pista";0;0;0;0;0;0;0;0;0;1;1;0;0;0;0
"19/01/2024";"07:17:00";"35";"Com vítima";"57,000";"BR-153/GO";"Crescente";"Atropelamento de pedestre";0;0;1;0;0;1;0;0;0;0;1;1;0;0;0
"19/01/2024";"10:08:00";"81";"Sem vítima";"674,000";"BR-153/TO";"Crescente";"Saída de pista";1;0;0;0;0;0;0;0;0;0;1;0;0;0;0
"19/01/2024";"18:04:00";"162";"Sem vítima";"394,000";"BR-414/GO";"Crescente";"Tombamento";0;0;1;0;0;0;0;0;0;0;1;0;0;0;0
"19/01/2024";"20:44:00";"187";"Com vítima";"723,000";"BR-153/TO";"Decrescente";"Colisão traseira";2;0;0;0;0;0;0;0;0;0;1;0;1;0;0
"20/01/2024";"08:29:00";"67";"Com vítima";"365,800";"BR-414/GO";"Crescente";"Carreta deu L";0;0;1;0;0;0;0;0;0;0;0;0;1;0;0
"20/01/2024";"12:42:00";"102";"Sem vítima";"426,000";"BR-153/GO";"Decrescente";"Saída de pista";1;0;0;0;0;0;0;0;0;0;1;0;0;0;0
"20/01/2024";"15:45:00";"129";"Sem vítima";"345,000";"BR-153/GO";"Crescente";"Saída de pista";1;0;0;0;0;0;0;0;0;0;2;0;0;0;0
"20/01/2024";"17:47:00";"152";"Com vítima";"218,000";"BR-153/GO";"Crescente";"Colisão traseira";1;0;0;0;0;1;0;0;0;0;0;6;0;0;0
"21/01/2024";"02:12:00";"11";"Com vítima";"356,000";"BR-153/GO";"Crescente";"Saída de pista";0;0;0;0;0;0;0;0;0;1;0;0;1;0;0
"21/01/2024";"16:21:00";"160";"Sem vítima";"10,000";"BR-153/GO";"Crescente";"Colisão lateral no mesmo sentido";1;0;1;0;0;0;0;0;0;0;6;0;0;0;0
"21/01/2024";"16:39:00";"164";"Com vítima";"689,000";"BR-153/TO";"Decrescente";"Saída de pista";0;0;0;0;0;0;0;0;0;1;0;1;0;0;0
"21/01/2024";"17:33:00";"173";"Sem vítima";"655,800";"BR-153/TO";"Crescente";"Colisão traseira";0;0;1;0;0;1;0;0;0;0;4;0;0;0;0
"22/01/2024";"05:26:00";"20";"Sem vítima";"250,000";"BR-153/GO";"Decrescente";"Colisão lateral no mesmo sentido";1;0;0;0;0;0;0;0;0;0;5;0;0;0;0
"22/01/2024";"07:02:00";"30";"Sem vítima";"135,000";"BR-153/GO";"Decrescente";"Saída de pista";0;0;0;0;0;1;0;0;0;0;1;0;0;0;0
"22/01/2024";"10:55:00";"90";"Com vítima";"175,000";"BR-153/GO";"Crescente";"Colisão transversal";1;0;0;1;0;1;0;0;0;0;3;0;0;1;0
"22/01/2024";"21:46:00";"185";"Com vítima";"96,000";"BR-080/GO";"Crescente";"Atropelamento de animal";1;0;0;0;0;0;0;0;0;0;3;0;0;0;0
"23/01/2024";"02:18:00";"9";"Com vítima";"755,000";"BR-153/TO";"Crescente";"Atropelamento de animal";0;0;0;0;0;0;0;0;0;1;2;0;0;0;0
"23/01/2024";"05:28:00";"29";"Com vítima";"304,000";"BR-153/GO";"Crescente";"Saída de pista";0;0;1;0;0;0;0;0;0;0;0;0;0;1;0
"23/01/2024";"12:46:00";"104";"Sem vítima";"440,000";"BR-414/GO";"Crescente";"Saída de pista";1;0;0;0;0;0;0;0;0;0;1;0;0;0;0
"24/01/2024";"08:18:00";"48";"Sem vítima";"318,000";"BR-153/GO";"Decrescente";"Colisão traseira";0;0;1;0;0;1;0;0;0;0;2;0;0;0;0
"24/01/2024";"17:22:00";"161";"Com vítima";"345,900";"BR-153/GO";"Decrescente";"Queda de carga";0;0;0;1;0;0;0;0;0;0;0;0;1;0;0
"25/01/2024";"05:35:00";"23";"Sem vítima";"149,000";"BR-153/GO";"Crescente";"Saída de pista";0;0;0;0;0;0;0;0;0;1;2;0;0;0;0
"26/01/2024";"14:17:00";"121";"Sem vítima";"332,700";"BR-414/GO";"Decrescente";"Saída de pista";1;0;0;0;0;0;0;0;0;0;1;0;0;0;0
"26/01/2024";"22:29:00";"193";"Sem vítima";"196,000";"BR-153/GO";"Decrescente";"Colisão traseira";2;0;0;0;0;0;0;0;0;0;2;0;0;0;0
"27/01/2024";"03:56:00";"22";"Sem vítima";"671,900";"BR-153/TO";"Crescente";"Saída de pista";1;0;0;0;0;0;0;0;0;0;1;0;0;0;0
"27/01/2024";"09:18:00";"72";"Sem vítima";"368,000";"BR-153/GO";"Crescente";"Colisão traseira";1;0;0;0;0;1;0;0;0;0;5;0;0;0;0
"27/01/2024";"11:19:00";"95";"Sem vítima";"222,000";"BR-153/GO";"Decrescente";"Colisão lateral no mesmo sentido";0;0;0;0;0;1;0;0;0;1;5;0;0;0;0
"27/01/2024";"17:17:00";"157";"Sem vítima";"794,000";"BR-153/TO";"Crescente";"Colisão traseira";1;0;1;0;0;0;0;0;0;0;2;0;0;0;0
"27/01/2024";"21:44:00";"202";"Sem vítima";"630,000";"BR-153/TO";"Crescente";"Carreta deu L";0;0;0;0;0;2;0;0;0;0;2;0;0;0;0
"27/01/2024";"23:15:00";"212";"Com vítima";"439,200";"BR-414/GO";"Crescente";"Colisão transversal";2;0;0;0;0;0;0;0;0;0;0;1;1;0;0
"28/01/2024";"16:29:00";"139";"Com vítima";"435,900";"BR-153/GO";"Crescente";"Colisão traseira";1;0;0;0;0;1;0;0;0;0;4;0;1;0;0
"28/01/2024";"16:46:00";"144";"Sem vítima";"728,000";"BR-153/TO";"Decrescente";"Colisão lateral em sentido contrário";0;0;1;0;0;1;0;0;0;0;2;0;0;0;0
"28/01/2024";"19:56:00";"181";"Sem vítima";"392,000";"BR-153/GO";"Decrescente";"Atropelamento de animal";1;0;0;0;0;0;0;0;0;0;2;0;0;0;0
"28/01/2024";"21:01:00";"193";"Sem vítima";"222,700";"BR-153/GO";"Crescente";"Saída de pista";0;0;0;0;0;0;0;0;0;1;1;0;0;0;0
"28/01/2024";"21:04:00";"194";"Sem vítima";"428,300";"BR-414/GO";"Crescente";"Capotamento";1;0;0;0;0;0;0;0;0;0;1;0;0;0;0
"29/01/2024";"10:46:00";"80";"Sem vítima";"426,000";"BR-153/GO";"Decrescente";"Saída de pista";1;0;0;0;0;0;0;0;0;0;2;0;0;0;0
"29/01/2024";"16:13:00";"132";"Com vítima";"400,000";"BR-414/GO";"Decrescente";"Colisão transversal";2;0;0;0;0;0;0;0;0;0;2;2;1;0;0
"30/01/2024";"00:43:00";"6";"Com vítima";"134,120";"BR-080/GO";"Crescente";"Colisão traseira";1;0;0;0;0;1;0;0;0;0;1;0;2;0;0
"30/01/2024";"10:56:00";"93";"Com vítima";"313,000";"BR-153/GO";"Crescente";"Saída de pista";1;0;0;0;0;0;0;0;0;0;1;1;0;0;0
"30/01/2024";"13:49:00";"117";"Sem vítima";"21,000";"BR-153/GO";"Crescente";"Colisão traseira";1;0;0;0;0;1;0;0;0;0;2;0;0;0;0
"30/01/2024";"20:13:00";"179";"Com vítima";"385,000";"BR-153/GO";"Crescente";"Saída de pista";1;0;0;0;0;0;0;0;0;0;0;1;0;0;0
"31/01/2024";"05:28:00";"32";"Sem vítima";"437,000";"BR-153/GO";"Crescente";"Saída de pista";1;0;0;0;0;0;0;0;0;0;1;0;0;0;0
"31/01/2024";"15:59:00";"164";"Sem vítima";"439,350";"BR-153/GO";"Crescente";"Colisão traseira";1;0;0;0;0;1;0;0;0;0;2;0;0;0;0
"31/01/2024";"17:41:00";"180";"Sem vítima";"385,000";"BR-153/GO";"Crescente";"Queda de moto";0;0;0;1;0;0;0;0;0;0;1;0;0;0;0
"01/02/2024";"07:47:00";"50";"Sem vítima";"162,000";"BR-153/GO";"Crescente";"Colisão lateral no mesmo sentido";1;0;1;0;0;0;0;0;0;0;2;0;0;0;0
"02/02/2024";"06:05:00";"22";"Sem vítima";"351,000";"BR-153/GO";"Crescente";"Saída de pista";0;0;1;0;0;0;0;0;0;0;1;0;0;0;0
"02/02/2024";"10:52:00";"88";"Sem vítima";"410,000";"BR-414/GO";"Crescente";"Saída de pista";1;0;0;0;0;0;0;0;0;0;1;0;0;0;0
"02/02/2024";"11:47:00";"100";"Sem vítima";"680,000";"BR-153/TO";"Decrescente";"Colisão traseira";2;0;0;0;0;0;0;0;0;0;2;0;0;0;0
"02/02/2024";"17:17:00";"155";"Sem vítima";"315,700";"BR-153/GO";"Decrescente";"Tombamento";0;0;1;0;0;0;0;0;0;0;1;0;0;0;0
"02/02/2024";"19:26:00";"170";"Sem vítima";"674,000";"BR-153/TO";"Crescente";"Saída de pista";1;0;0;0;0;0;0;0;0;0;2;0;0;0;0
"02/02/2024";"21:06:00";"187";"Com vítima";"173,000";"BR-153/GO";"Decrescente";"Colisão frontal";0;0;1;1;0;0;0;0;0;0;1;0;0;0;1
"03/02/2024";"10:41:00";"64";"Sem vítima";"86,800";"BR-153/GO";"Decrescente";"Carreta deu L";0;0;0;0;0;2;0;0;0;0;2;0;0;0;0
"03/02/2024";"12:31:00";"81";"Com vítima";"437,000";"BR-153/GO";"Decrescente";"Queda de moto";0;0;0;1;0;0;0;0;0;0;0;1;0;0;0
"03/02/2024";"14:06:00";"99";"Sem vítima";"686,000";"BR-153/TO";"Decrescente";"Saída de pista";0;0;0;0;0;1;0;0;0;0;1;0;0;0;0
"03/02/2024";"18:52:00";"143";"Sem vítima";"106,000";"BR-153/GO";"Decrescente";"Saída de pista";1;0;0;0;0;0;0;0;0;0;1;0;0;0;0
"03/02/2024";"19:35:00";"153";"Sem vítima";"674,000";"BR-153/TO";"Decrescente";"Colisão traseira";0;0;0;1;0;1;0;0;0;0;3;0;0;0;0
"03/02/2024";"23:16:00";"177";"Sem vítima";"154,000";"BR-080/GO";"Decrescente";"Saída de pista";1;0;0;0;0;0;0;0;0;0;1;0;0;0;0
"03/02/2024";"23:47:00";"179";"Sem vítima";"413,000";"BR-414/GO";"Decrescente";"Saída de pista";1;0;0;0;0;0;0;0;0;0;1;0;0;0;0
"04/02/2024";"01:44:00";"10";"Com vítima";"340,000";"BR-153/GO";"Crescente";"Saída de pista";1;0;0;0;0;0;0;0;0;0;1;1;2;0;0
"04/02/2024";"19:05:00";"174";"Com vítima";"351,600";"BR-414/GO";"Decrescente";"Colisão frontal";0;0;0;1;0;1;0;0;0;0;1;0;1;1;0
"05/02/2024";"15:39:00";"136";"Sem vítima";"438,000";"BR-153/GO";"Decrescente";"Colisão traseira";2;0;0;0;0;0;0;0;0;0;4;0;0;0;0
"05/02/2024";"16:47:00";"149";"Sem vítima";"362,000";"BR-414/GO";"Decrescente";"Saída de pista";1;0;0;0;0;0;0;0;0;0;2;0;0;0;0
"05/02/2024";"17:55:00";"161";"Com vítima";"373,000";"BR-153/GO";"Crescente";"Tombamento";0;0;1;0;0;0;0;0;0;0;0;1;0;0;0
"05/02/2024";"19:02:00";"172";"Sem vítima";"413,500";"BR-153/GO";"Decrescente";"Saída de pista";1;0;0;0;0;0;0;0;0;0;2;0;0;0;0
"05/02/2024";"19:45:00";"178";"Com vítima";"372,500";"BR-153/GO";"Crescente";"Colisão traseira";0;0;0;0;0;2;0;0;0;0;1;0;1;0;0
"06/02/2024";"06:58:00";"39";"Sem vítima";"789,000";"BR-153/TO";"Decrescente";"Carreta deu L";0;0;0;0;0;1;0;0;0;0;1;0;0;0;0
"06/02/2024";"12:37:00";"100";"Sem vítima";"442,000";"BR-153/GO";"Decrescente";"Saída de pista";1;0;0;0;0;0;0;0;0;0;2;0;0;0;0
"06/02/2024";"15:37:00";"129";"Sem vítima";"395,400";"BR-153/GO";"Decrescente";"Saída de pista";1;0;0;0;0;0;0;0;0;0;1;0;0;0;0
"06/02/2024";"19:41:00";"163";"Sem vítima";"285,000";"BR-153/GO";"Decrescente";"Saída de pista";1;0;0;0;0;0;0;0;0;0;2;0;0;0;0
"07/02/2024";"04:42:00";"32";"Com vítima";"421,745";"BR-153/GO";"Decrescente";"Atropelamento de animal";1;0;0;0;0;0;0;0;0;0;1;0;0;0;0
"07/02/2024";"06:36:00";"47";"Sem vítima";"735,800";"BR-153/TO";"Decrescente";"Colisão frontal";0;0;0;0;0;1;0;0;0;0;2;0;0;0;0
"07/02/2024";"14:14:00";"127";"Sem vítima";"369,000";"BR-414/GO";"Crescente";"Saída de pista";1;0;0;0;0;0;0;0;0;0;4;0;0;0;0
"07/02/2024";"23:27:00";"209";"Com vítima";"674,500";"BR-153/TO";"Crescente";"Atropelamento de animal";0;0;0;1;0;0;0;0;0;0;0;1;0;0;0
"08/02/2024";"03:37:00";"17";"Sem vítima";"433,000";"BR-153/GO";"Crescente";"Saída de pista";1;0;0;0;0;0;0;0;0;0;2;0;0;0;0
"08/02/2024";"07:40:00";"49";"Sem vítima";"87,000";"BR-153/GO";"Crescente";"Acidentes de outra natureza";1;0;0;0;0;0;0;0;0;0;1;0;0;0;0
"08/02/2024";"09:57:00";"79";"Com vítima";"682,000";"BR-153/TO";"Crescente";"Colisão lateral no mesmo sentido";1;0;0;0;0;1;0;0;0;0;1;0;4;0;1
"08/02/2024";"17:55:00";"157";"Sem vítima";"279,000";"BR-153/GO";"Crescente";"Colisão lateral em sentido contrário";1;0;1;0;0;0;0;0;0;0;4;0;0;0;0
"09/02/2024";"06:02:00";"48";"Com vítima";"438,000";"BR-414/GO";"Crescente";"Colisão traseira";0;0;0;1;0;2;0;0;0;0;6;3;0;0;0
"09/02/2024";"09:26:00";"109";"Sem vítima";"184,000";"BR-153/GO";"Decrescente";"Colisão traseira";1;0;1;0;0;0;0;0;0;0;2;0;0;0;0
"09/02/2024";"17:30:00";"217";"Sem vítima";"403,000";"BR-414/GO";"Decrescente";"Saída de pista";1;0;0;0;0;0;0;0;0;0;1;0;0;0;0
"09/02/2024";"17:47:00";"220";"Sem vítima";"404,000";"BR-414/GO";"Crescente";"Saída de pista";1;0;0;0;0;0;0;0;0;0;1;0;0;0;0
"09/02/2024";"21:29:00";"255";"Com vítima";"352,500";"BR-414/GO";"Decrescente";"Colisão lateral no mesmo sentido";2;0;0;0;0;0;0;0;0;0;3;1;0;0;0
"09/02/2024";"21:34:00";"256";"Com vítima";"278,050";"BR-153/GO";"Crescente";"Tombamento";0;0;1;0;0;0;0;0;0;0;1;1;0;0;0
"09/02/2024";"23:51:00";"276";"Com vítima";"413,000";"BR-153/GO";"Crescente";"Saída de pista";1;0;0;0;0;0;0;0;0;0;1;1;1;0;0
"10/02/2024";"08:13:00";"60";"Sem vítima";"436,000";"BR-153/GO";"Crescente";"Saída de pista";0;0;0;0;0;1;0;0;0;0;1;0;0;0;0
"10/02/2024";"08:16:00";"61";"Com vítima";"643,000";"BR-153/TO";"Decrescente";"Queda de bicicleta";0;1;0;0;0;0;0;0;0;0;0;0;0;0;0
"10/02/2024";"09:01:00";"71";"Sem vítima";"288,000";"BR-153/GO";"Decrescente";"Saída de pista";2;0;0;0;0;0;0;0;0;0;8;0;0;0;0
"10/02/2024";"10:27:00";"85";"Sem vítima";"225,500";"BR-153/GO";"Decrescente";"Saída de pista";1;0;0;0;0;0;0;0;0;0;1;0;0;0;0
"10/02/2024";"12:48:00";"106";"Sem vítima";"438,000";"BR-153/GO";"Decrescente";"Saída de pista";1;0;0;0;0;0;0;0;0;0;3;0;0;0;0
"10/02/2024";"13:09:00";"112";"Com vítima";"90,000";"BR-153/GO";"Crescente";"Saída de pista";0;0;1;0;0;0;0;0;0;0;2;1;0;0;0
"10/02/2024";"14:56:00";"136";"Sem vítima";"403,000";"BR-414/GO";"Crescente";"Saída de pista";0;0;0;0;0;0;0;0;0;1;1;0;0;0;0
"10/02/2024";"15:37:00";"146";"Com vítima";"123,500";"BR-080/GO";"Crescente";"Saída de pista";1;0;0;0;0;0;0;0;0;0;1;1;0;0;0
"10/02/2024";"16:52:00";"159";"Com vítima";"308,000";"BR-153/GO";"Decrescente";"Saída de pista";1;0;0;0;0;0;0;0;0;0;0;0;1;0;0
"10/02/2024";"22:28:00";"201";"Com vítima";"253,000";"BR-153/GO";"Decrescente";"Saída de pista";0;0;0;0;0;0;0;0;0;1;1;0;1;0;0
"11/02/2024";"00:22:00";"1";"Sem vítima";"126,000";"BR-080/GO";"Crescente";"Saída de pista";1;0;0;0;0;0;0;0;0;0;2;0;0;0;0
"11/02/2024";"02:41:00";"15";"Sem vítima";"134,200";"BR-080/GO";"Decrescente";"Saída de pista";1;0;0;0;0;0;0;0;0;0;1;0;0;0;0
"11/02/2024";"07:24:00";"41";"Sem vítima";"123,000";"BR-080/GO";"Decrescente";"Saída de pista";1;0;0;0;0;0;0;0;0;0;2;0;0;0;0
"11/02/2024";"09:57:00";"65";"Sem vítima";"356,000";"BR-153/GO";"Decrescente";"Colisão transversal";2;0;0;0;0;0;0;0;0;0;2;0;0;0;0
"11/02/2024";"13:47:00";"102";"Sem vítima";"157,000";"BR-153/GO";"Crescente";"Colisão traseira";1;0;0;0;1;1;0;0;0;0;13;0;0;0;0
"11/02/2024";"15:59:00";"120";"Com vítima";"104,000";"BR-153/GO";"Decrescente";"Queda de moto";0;0;0;1;0;0;0;0;0;0;1;1;0;0;0
"11/02/2024";"19:07:00";"150";"Com vítima";"706,000";"BR-153/TO";"Decrescente";"Saída de pista";0;0;0;1;0;0;0;0;0;0;0;0;1;0;0
"12/02/2024";"04:34:00";"11";"Sem vítima";"225,000";"BR-153/GO";"Decrescente";"Queda de moto";0;0;0;1;0;0;0;0;0;0;1;0;0;0;0
"13/02/2024";"00:26:00";"1";"Sem vítima";"126,000";"BR-080/GO";"Decrescente";"Saída de pista";1;0;0;0;0;0;0;0;0;0;3;0;0;0;0
"13/02/2024";"02:35:00";"6";"Com vítima";"722,800";"BR-153/TO";"Crescente";"Atropelamento de pedestre";1;0;0;0;0;0;0;0;0;0;2;0;1;0;0
"13/02/2024";"06:54:00";"30";"Com vítima";"58,000";"BR-153/GO";"Decrescente";"Queda de moto";0;0;0;1;0;0;0;0;0;0;0;0;0;1;0
"13/02/2024";"10:11:00";"77";"Com vítima";"201,000";"BR-153/GO";"Crescente";"Colisão transversal";1;0;0;0;0;1;0;0;0;0;4;2;0;0;0
"13/02/2024";"10:13:00";"78";"Sem vítima";"67,000";"BR-153/GO";"Decrescente";"Colisão traseira";2;0;0;0;0;0;0;0;0;0;6;0;0;0;0
"13/02/2024";"14:18:00";"116";"Com vítima";"96,000";"BR-153/GO";"Crescente";"Saída de pista";1;0;0;0;0;0;0;0;0;0;1;3;0;0;0
"13/02/2024";"19:33:00";"195";"Sem vítima";"399,500";"BR-414/GO";"Crescente";"Queda de moto";0;0;0;1;0;0;0;0;0;0;1;0;0;0;0
"13/02/2024";"23:31:00";"228";"Com vítima";"310,000";"BR-153/GO";"Crescente";"Colisão lateral em sentido contrário";0;0;0;0;1;1;0;0;0;0;2;1;0;0;0
"14/02/2024";"05:36:00";"27";"Sem vítima";"142,000";"BR-080/GO";"Decrescente";"Saída de pista";0;0;0;0;0;1;0;0;0;0;1;0;0;0;0
"14/02/2024";"11:20:00";"100";"Sem vítima";"106,000";"BR-153/GO";"Crescente";"Colisão transversal";0;0;0;0;0;1;0;0;0;1;2;0;0;0;0
"14/02/2024";"11:50:00";"106";"Sem vítima";"332,000";"BR-414/GO";"Crescente";"Saída de pista";1;0;0;0;0;0;0;0;0;0;2;0;0;0;0
"14/02/2024";"16:26:00";"145";"Sem vítima";"624,000";"BR-153/TO";"Crescente";"Colisão traseira";1;0;0;0;0;1;0;0;0;0;7;0;0;0;0
"15/02/2024";"07:57:00";"47";"Sem vítima";"321,500";"BR-153/GO";"Decrescente";"Saída de pista";1;0;0;0;0;0;0;0;0;0;1;0;0;0;0
"15/02/2024";"14:10:00";"119";"Sem vítima";"424,000";"BR-153/GO";"Decrescente";"Saída de pista";1;0;0;0;0;0;0;0;0;0;1;0;0;0;0
"15/02/2024";"14:57:00";"130";"Sem vítima";"373,000";"BR-153/GO";"Crescente";"Colisão traseira";1;0;0;0;0;0;0;0;0;0;2;0;0;0;0
"16/02/2024";"14:04:00";"115";"Sem vítima";"422,000";"BR-153/GO";"Crescente";"Choque";1;0;0;0;0;0;0;0;0;0;1;0;0;0;0
"16/02/2024";"18:48:00";"175";"Com vítima";"400,000";"BR-153/GO";"Crescente";"Colisão lateral no mesmo sentido";2;0;0;0;0;0;0;0;0;0;1;1;0;0;0
"16/02/2024";"20:31:00";"183";"Sem vítima";"167,000";"BR-080/GO";"Decrescente";"Saída de pista";0;0;0;0;0;0;0;0;0;1;2;0;0;0;0
"17/02/2024";"05:52:00";"25";"Com vítima";"127,000";"BR-153/GO";"Crescente";"Colisão transversal";1;0;0;0;0;1;0;0;0;1;3;2;0;1;0
"17/02/2024";"14:43:00";"111";"Sem vítima";"99,500";"BR-153/GO";"Crescente";"Saída de pista";1;0;0;0;0;0;0;0;0;0;2;0;0;0;0
"17/02/2024";"15:26:00";"122";"Com vítima";"123,000";"BR-080/GO";"Decrescente";"Saída de pista";1;0;0;0;0;0;0;0;0;0;0;1;0;0;0
"17/02/2024";"15:56:00";"129";"Com vítima";"434,000";"BR-414/GO";"Decrescente";"Queda de moto";0;0;0;1;0;0;0;0;0;0;0;0;1;0;0
"17/02/2024";"19:22:00";"154";"Sem vítima";"208,000";"BR-153/GO";"Decrescente";"Saída de pista";1;0;0;0;0;0;0;0;0;0;1;0;0;0;0
"18/02/2024";"12:48:00";"109";"Com vítima";"100,000";"BR-080/GO";"Crescente";"Colisão transversal";1;0;0;0;0;0;0;0;0;1;2;2;0;0;0
"18/02/2024";"16:40:00";"152";"Com vítima";"787,000";"BR-153/TO";"Crescente";"Saída de pista";0;0;1;0;0;0;0;0;0;0;0;0;1;0;0
"19/02/2024";"03:33:00";"16";"Com vítima";"281,000";"BR-153/GO";"Decrescente";"Atropelamento de animal";1;0;0;0;0;0;0;0;0;0;2;0;0;0;0
"19/02/2024";"08:11:00";"53";"Sem vítima";"436,000";"BR-153/GO";"Crescente";"Colisão traseira";1;0;0;0;0;1;0;0;0;0;2;0;0;0;0
"19/02/2024";"08:14:00";"55";"Com vítima";"672,500";"BR-153/TO";"Crescente";"Queda de moto";0;0;0;1;0;0;0;0;0;0;0;1;0;0;0
"19/02/2024";"13:19:00";"117";"Sem vítima";"746,000";"BR-153/TO";"Decrescente";"Saída de pista";1;0;0;0;0;0;0;0;0;0;1;0;0;0;0
"19/02/2024";"19:49:00";"176";"Sem vítima";"785,500";"BR-153/TO";"Crescente";"Saída de pista";0;0;1;0;0;0;0;0;0;0;2;0;0;0;0
"20/02/2024";"05:37:00";"28";"Com vítima";"86,300";"BR-153/GO";"Decrescente";"Saída de pista";0;0;0;0;0;0;0;0;0;1;1;1;0;0;0
"20/02/2024";"14:14:00";"127";"Sem vítima";"200,000";"BR-153/GO";"Crescente";"Colisão traseira";0;0;0;0;0;0;0;0;0;2;3;0;0;0;0
"20/02/2024";"15:33:00";"146";"Sem vítima";"375,000";"BR-153/GO";"Crescente";"Engavetamento";2;0;0;0;0;1;0;0;0;0;7;0;0;0;0
"20/02/2024";"22:37:00";"202";"Sem vítima";"422,900";"BR-414/GO";"Decrescente";"Saída de pista";1;0;0;0;0;0;0;0;0;0;1;0;0;0;0
"21/02/2024";"05:43:00";"32";"Sem vítima";"300,000";"BR-153/GO";"Crescente";"Colisão frontal";2;0;0;0;0;0;0;0;0;0;2;0;0;0;0
"21/02/2024";"06:41:00";"39";"Com vítima";"772,600";"BR-153/TO";"Crescente";"Saída de pista";1;0;0;0;0;0;0;0;0;0;3;1;1;0;0
"21/02/2024";"07:38:00";"52";"Com vítima";"440,000";"BR-414/GO";"Decrescente";"Colisão traseira";1;0;0;1;0;1;0;0;0;0;2;0;1;0;0
"21/02/2024";"07:46:00";"56";"Sem vítima";"442,000";"BR-153/GO";"Decrescente";"Saída de pista";1;0;0;0;0;0;0;0;0;0;1;0;0;0;0
"21/02/2024";"08:11:00";"57";"Sem vítima";"751,000";"BR-153/TO";"Crescente";"Tombamento";0;0;0;0;0;2;0;0;0;0;2;0;0;0;0
"21/02/2024";"09:40:00";"84";"Com vítima";"200,000";"BR-153/GO";"Crescente";"Colisão transversal";1;0;0;0;0;1;0;0;0;1;4;1;0;0;0
"21/02/2024";"17:03:00";"159";"Sem vítima";"407,200";"BR-414/GO";"Crescente";"Saída de pista";1;0;0;0;0;0;0;0;0;0;1;0;0;0;0
"22/02/2024";"09:23:00";"90";"Sem vítima";"76,000";"BR-153/GO";"Decrescente";"Colisão traseira";2;0;0;0;0;0;0;0;0;0;4;0;0;0;0
"22/02/2024";"12:53:00";"132";"Sem vítima";"325,000";"BR-153/GO";"Decrescente";"Tombamento";0;0;1;0;0;0;0;0;0;0;2;0;0;0;0
"22/02/2024";"14:15:00";"142";"Sem vítima";"671,800";"BR-153/TO";"Decrescente";"Saída de pista";1;0;0;0;0;0;0;0;0;0;1;0;0;0;0
"22/02/2024";"15:00:00";"150";"Sem vítima";"436,000";"BR-153/GO";"Decrescente";"Colisão traseira";0;0;0;1;0;0;0;0;0;1;2;0;0;0;0
"22/02/2024";"15:00:00";"151";"Sem vítima";"671,000";"BR-153/TO";"Crescente";"Colisão traseira";2;0;0;0;0;0;0;0;0;0;2;0;0;0;0
"22/02/2024";"18:29:00";"182";"Com vítima";"427,800";"BR-153/GO";"Crescente";"Colisão transversal";0;0;0;1;1;0;0;0;0;0;1;0;0;0;1
"23/02/2024";"13:33:00";"135";"Sem vítima";"86,000";"BR-153/GO";"Decrescente";"Colisão traseira";1;0;0;0;0;0;0;0;0;1;3;0;0;0;0
"23/02/2024";"13:34:00";"136";"Com vítima";"623,500";"BR-153/TO";"Crescente";"Colisão transversal";1;0;0;1;0;0;0;0;0;0;3;1;0;0;0