data;horario;n_da_ocorrencia;tipo_de_ocorrencia;km;trecho;sentido;tipo_de_acidente;automovel;bicicleta;caminhao;moto;onibus;outros;tracao_animal;transporte_de_cargas_especiais;trator_maquinas;utilitarios;ilesos;levemente_feridos;moderadamente_feridos;gravemente_feridos;mortos
"19/09/2024";"15:49:00";"184";"Sem vítima";"623,291";"BR-153/TO";"Decrescente";"Colisão lateral no mesmo sentido";0;0;1;0;0;1;0;0;0;0;2;0;0;0;0
"19/09/2024";"19:29:00";"239";"Sem vítima";"332,000";"BR-153/GO";"Decrescente";"Colisão lateral no mesmo sentido";0;0;1;0;0;1;0;0;0;0;2;0;0;0;0
"19/09/2024";"20:09:00";"244";"Sem vítima";"14,500";"BR-153/GO";"Crescente";"Choque";0;0;1;0;0;0;0;0;0;0;1;0;0;0;0
"19/09/2024";"22:14:00";"265";"Com vítima";"401,000";"BR-153/GO";"Decrescente";"Atropelamento de animal";1;0;0;0;0;0;0;0;0;0;2;0;0;0;0
"20/09/2024";"09:49:00";"83";"Sem vítima";"434,000";"BR-153/GO";"Crescente";"Colisão lateral no mesmo sentido";2;0;0;0;0;0;0;0;0;0;3;0;0;0;0
"20/09/2024";"11:07:00";"103";"Sem vítima";"255,000";"BR-153/GO";"Crescente";"Saída de pista";1;0;0;0;0;0;0;0;0;0;3;0;0;0;0
"20/09/2024";"11:17:00";"105";"Sem vítima";"296,400";"BR-153/GO";"Decrescente";"Colisão lateral no mesmo sentido";1;0;1;0;0;0;0;0;0;0;2;0;0;0;0
"20/09/2024";"17:47:00";"186";"Sem vítima";"671,000";"BR-153/TO";"Crescente";"Colisão traseira";0;0;0;0;0;2;0;0;0;0;2;0;0;0;0
"21/09/2024";"10:48:00";"89";"Sem vítima";"403,000";"BR-153/GO";"Decrescente";"Colisão transversal";1;0;0;0;0;0;0;0;0;1;2;0;0;0;0
"21/09/2024";"15:49:00";"155";"Sem vítima";"246,000";"BR-153/GO";"Decrescente";"Colisão lateral em sentido contrário";1;0;0;0;0;1;0;0;0;0;2;0;0;0;0
"21/09/2024";"17:54:00";"187";"Com vítima";"761,000";"BR-153/TO";"Decrescente";"Colisão lateral no mesmo sentido";0;0;0;1;0;1;0;0;0;0;1;0;0;1;0
"21/09/2024";"19:04:00";"196";"Sem vítima";"424,000";"BR-153/GO";"Decrescente";"Saída de pista";1;0;0;0;0;0;0;0;0;0;3;0;0;0;0
"21/09/2024";"19:27:00";"202";"Sem vítima";"760,000";"BR-153/TO";"Decrescente";"Saída de pista";1;0;0;0;0;0;0;0;0;0;2;0;0;0;0
"21/09/2024";"20:28:00";"214";"Com vítima";"677,000";"BR-153/TO";"Decrescente";"Queda de moto";0;0;0;1;0;0;0;0;0;0;0;0;1;0;0
"21/09/2024";"20:37:00";"216";"Com vítima";"198,000";"BR-153/GO";"Decrescente";"Atropelamento de pedestre";1;0;0;0;0;0;0;0;0;0;4;0;0;0;1
"22/09/2024";"07:09:00";"37";"Sem vítima";"356,000";"BR-153/GO";"Crescente";"Colisão transversal";2;0;0;0;0;0;0;0;0;0;2;0;0;0;0
"22/09/2024";"07:52:00";"44";"Sem vítima";"671,000";"BR-153/TO";"Decrescente";"Colisão traseira";0;0;0;0;0;3;0;0;0;0;3;0;0;0;0
"22/09/2024";"09:42:00";"69";"Sem vítima";"422,420";"BR-153/GO";"Decrescente";"Choque";2;0;0;0;0;0;0;0;0;0;9;0;0;0;0
"22/09/2024";"19:49:00";"195";"Com vítima";"432,873";"BR-153/GO";"Crescente";"Colisão traseira";0;0;0;1;0;1;0;0;0;0;2;1;0;0;0
"22/09/2024";"21:51:00";"219";"Com vítima";"154,400";"BR-080/GO";"Decrescente";"Choque";0;0;0;0;0;0;0;0;0;1;0;1;0;0;0
"22/09/2024";"22:37:00";"225";"Sem vítima";"284,400";"BR-153/GO";"Decrescente";"Engavetamento";1;0;0;0;0;2;0;0;0;0;4;0;0;0;0
"23/09/2024";"10:19:00";"103";"Sem vítima";"795,500";"BR-153/TO";"Decrescente";"Saída de pista";1;0;0;0;0;0;0;0;0;0;1;0;0;0;0
"23/09/2024";"10:57:00";"109";"Com vítima";"125,000";"BR-080/GO";"Decrescente";"Colisão traseira";0;0;1;0;0;1;0;0;0;0;1;0;1;1;0
"23/09/2024";"13:42:00";"133";"Com vítima";"414,000";"BR-153/GO";"Crescente";"Queda de moto";0;0;0;1;0;0;0;0;0;0;1;1;0;0;0
"24/09/2024";"04:56:00";"21";"Com vítima";"367,300";"BR-153/GO";"Crescente";"Atropelamento de animal";0;0;0;0;0;1;0;0;0;0;1;0;0;0;0
"24/09/2024";"18:54:00";"205";"Com vítima";"438,900";"BR-414/GO";"Crescente";"Queda de moto";0;0;0;1;0;0;0;0;0;0;0;0;1;0;0
"25/09/2024";"07:32:00";"52";"Sem vítima";"671,600";"BR-153/TO";"Decrescente";"Colisão lateral no mesmo sentido";1;0;1;0;0;0;0;0;0;0;2;0;0;0;0
"25/09/2024";"16:22:00";"163";"Sem vítima";"352,558";"BR-153/GO";"Decrescente";"Colisão lateral em sentido contrário";1;0;0;0;0;1;0;0;0;0;2;0;0;0;0
"25/09/2024";"18:43:00";"181";"Com vítima";"721,800";"BR-153/TO";"Decrescente";"Atropelamento de ciclista";1;0;0;0;0;0;0;0;0;0;0;2;0;0;0
"25/09/2024";"18:51:00";"186";"Com vítima";"671,500";"BR-153/TO";"Crescente";"Colisão lateral no mesmo sentido";0;0;0;2;0;1;0;0;0;0;2;0;1;0;0
"25/09/2024";"19:04:00";"191";"Com vítima";"358,000";"BR-153/GO";"Decrescente";"Colisão transversal";2;0;0;0;0;0;0;0;0;0;3;1;0;0;0
"26/09/2024";"02:33:00";"10";"Com vítima";"213,000";"BR-153/GO";"Crescente";"Atropelamento de animal";0;0;0;0;1;0;0;0;0;0;1;0;0;0;0
"26/09/2024";"07:32:00";"40";"Sem vítima";"328,000";"BR-153/GO";"Decrescente";"Colisão traseira";2;0;0;0;0;0;0;0;0;0;4;0;0;0;0
"26/09/2024";"17:22:00";"186";"Sem vítima";"88,000";"BR-153/GO";"Crescente";"Colisão traseira";0;0;2;0;0;0;0;0;0;0;2;0;0;0;0
"26/09/2024";"17:48:00";"194";"Sem vítima";"88,000";"BR-153/GO";"Crescente";"Colisão traseira";1;0;1;0;0;0;0;0;0;0;2;0;0;0;0
"26/09/2024";"19:06:00";"208";"Com vítima";"190,000";"BR-153/GO";"Crescente";"Colisão frontal";0;0;0;0;0;2;0;0;0;0;0;2;0;0;0
"27/09/2024";"11:45:00";"116";"Sem vítima";"184,600";"BR-153/GO";"Decrescente";"Colisão traseira";1;0;0;0;0;1;0;0;0;0;6;0;0;0;0
"27/09/2024";"21:50:00";"230";"Sem vítima";"209,000";"BR-153/GO";"Decrescente";"Choque";1;0;0;0;0;0;0;0;0;0;1;0;0;0;0
"28/09/2024";"05:54:00";"33";"Sem vítima";"197,000";"BR-153/GO";"Decrescente";"Atropelamento de ciclista";0;1;0;0;1;0;0;0;0;0;1;0;0;0;0
"28/09/2024";"08:10:00";"58";"Sem vítima";"396,800";"BR-153/GO";"Crescente";"Colisão traseira";1;0;0;0;0;1;0;0;0;0;5;0;0;0;0
"28/09/2024";"11:20:00";"109";"Sem vítima";"356,100";"BR-153/GO";"Decrescente";"Colisão lateral em sentido contrário";1;0;0;1;0;0;0;0;0;0;3;0;0;0;0
"28/09/2024";"15:01:00";"155";"Sem vítima";"650,000";"BR-153/TO";"Decrescente";"Colisão traseira";0;0;0;0;0;2;0;0;0;0;2;0;0;0;0
"28/09/2024";"15:13:00";"157";"Com vítima";"67,000";"BR-153/GO";"Decrescente";"Queda de moto";0;0;0;1;0;0;0;0;0;0;0;1;0;0;0
"28/09/2024";"17:43:00";"202";"Sem vítima";"373,900";"BR-153/GO";"Decrescente";"Colisão traseira";0;0;0;0;0;2;0;0;0;0;2;0;0;0;0
"28/09/2024";"18:38:00";"210";"Com vítima";"428,000";"BR-153/GO";"Crescente";"Queda de moto";0;0;0;1;0;0;0;0;0;0;0;1;0;0;0
"29/09/2024";"00:02:00";"1";"Com vítima";"676,300";"BR-153/TO";"Decrescente";"Queda de moto";0;0;0;1;0;0;0;0;0;0;0;1;0;0;0
"29/09/2024";"00:56:00";"10";"Com vítima";"389,000";"BR-414/GO";"Decrescente";"Saída de pista";1;0;0;0;0;0;0;0;0;0;1;1;0;0;0
"29/09/2024";"15:00:00";"128";"Com vítima";"132,000";"BR-080/GO";"Crescente";"Saída de pista";1;0;0;0;0;0;0;0;0;0;1;2;0;0;0
"29/09/2024";"18:18:00";"178";"Com vítima";"133,500";"BR-080/GO";"Crescente";"Capotamento";2;0;0;0;0;0;0;0;0;0;2;2;0;0;0
"29/09/2024";"20:10:00";"207";"Com vítima";"375,000";"BR-153/GO";"Crescente";"Colisão lateral em sentido contrário";2;0;0;0;0;1;0;0;0;1;4;4;3;1;0
"30/09/2024";"05:01:00";"27";"Sem vítima";"255,800";"BR-153/GO";"Decrescente";"Colisão lateral em sentido contrário";0;0;1;0;1;0;0;0;0;0;23;0;0;0;0
"30/09/2024";"11:28:00";"116";"Sem vítima";"179,000";"BR-153/GO";"Crescente";"Colisão lateral no mesmo sentido";0;0;0;0;0;1;0;0;0;1;2;0;0;0;0
"30/09/2024";"15:52:00";"171";"Sem vítima";"684,000";"BR-153/TO";"Crescente";"Colisão lateral em sentido contrário";1;0;1;0;0;0;0;0;0;0;2;0;0;0;0
"01/10/2024";"09:33:00";"75";"Com vítima";"438,500";"BR-153/GO";"Decrescente";"Colisão transversal";0;1;0;1;0;0;0;0;0;0;1;0;0;0;0
"01/10/2024";"22:05:00";"212";"Com vítima";"684,000";"BR-153/TO";"Decrescente";"Queda de moto";0;0;0;1;0;0;0;0;0;0;0;2;0;0;0
"02/10/2024";"18:09:00";"176";"Sem vítima";"732,000";"BR-153/TO";"Crescente";"Colisão traseira";0;0;0;0;0;2;0;0;0;0;2;0;0;0;0
"03/10/2024";"09:25:00";"85";"Sem vítima";"797,000";"BR-153/TO";"Crescente";"Colisão lateral em sentido contrário";1;0;0;0;0;1;0;0;0;0;2;0;0;0;0
"03/10/2024";"18:44:00";"202";"Com vítima";"440,000";"BR-414/GO";"Decrescente";"Colisão traseira";0;0;0;1;0;0;0;0;0;0;0;2;0;0;0
"03/10/2024";"21:09:00";"224";"Com vítima";"669,000";"BR-153/TO";"Crescente";"Queda de moto";0;0;0;1;0;0;0;0;0;0;0;1;0;0;0
"04/10/2024";"02:19:00";"16";"Com vítima";"793,000";"BR-153/TO";"Crescente";"Tombamento";0;0;0;0;0;1;0;0;0;0;0;1;2;0;0
"04/10/2024";"06:37:00";"38";"Com vítima";"417,000";"BR-414/GO";"Decrescente";"Colisão traseira";0;0;0;1;0;0;0;0;0;1;4;2;0;0;0
"04/10/2024";"15:48:00";"165";"Com vítima";"371,200";"BR-414/GO";"Decrescente";"Queda de moto";0;0;0;1;0;0;0;0;0;0;0;0;1;0;0
"04/10/2024";"19:11:00";"213";"Sem vítima";"160,000";"BR-153/GO";"Decrescente";"Colisão traseira";1;0;1;0;0;0;0;0;0;0;2;0;0;0;0
"04/10/2024";"19:44:00";"219";"Sem vítima";"162,000";"BR-080/GO";"Crescente";"Colisão traseira";1;0;0;0;0;1;0;0;0;0;2;0;0;0;0
"04/10/2024";"19:57:00";"220";"Sem vítima";"676,800";"BR-153/TO";"Crescente";"Colisão traseira";1;0;1;0;0;0;0;0;0;0;2;0;0;0;0
"05/10/2024";"02:16:00";"22";"Sem vítima";"115,000";"BR-153/GO";"Decrescente";"Saída de pista";1;0;0;0;0;0;0;0;0;0;1;0;0;0;0
"05/10/2024";"05:30:00";"52";"Com vítima";"710,300";"BR-153/TO";"Decrescente";"Colisão frontal";2;0;0;0;0;0;0;0;0;0;1;0;0;0;1
"05/10/2024";"07:32:00";"84";"Com vítima";"57,900";"BR-153/GO";"Crescente";"Queda de moto";0;0;0;1;0;0;0;0;0;0;0;1;0;0;0
"05/10/2024";"11:22:00";"150";"Sem vítima";"324,000";"BR-414/GO";"Decrescente";"Tombamento";1;0;0;0;0;0;0;0;0;0;1;0;0;0;0
"05/10/2024";"15:49:00";"212";"Sem vítima";"702,000";"BR-153/TO";"Crescente";"Saída de pista";1;0;0;0;0;0;0;0;0;0;1;0;0;0;0
"05/10/2024";"18:23:00";"245";"Sem vítima";"434,800";"BR-153/GO";"Crescente";"Colisão lateral no mesmo sentido";1;0;0;0;0;0;0;0;0;1;7;0;0;0;0
"05/10/2024";"21:47:00";"277";"Sem vítima";"622,800";"BR-153/TO";"Crescente";"Colisão lateral em sentido contrário";1;0;0;0;0;1;0;0;0;0;2;0;0;0;0
"06/10/2024";"01:40:00";"11";"Com vítima";"53,450";"BR-153/GO";"Decrescente";"Atropelamento de pedestre";0;0;0;1;0;0;0;0;0;0;0;1;1;1;0
"06/10/2024";"10:39:00";"87";"Sem vítima";"409,700";"BR-153/GO";"Crescente";"Colisão lateral em sentido contrário";1;0;1;0;0;0;0;0;0;0;2;0;0;0;0
"06/10/2024";"11:26:00";"96";"Com vítima";"748,000";"BR-153/TO";"Decrescente";"Tombamento";0;0;0;0;0;1;0;0;0;0;0;2;0;0;0
"06/10/2024";"18:31:00";"194";"Sem vítima";"132,100";"BR-080/GO";"Decrescente";"Saída de pista";1;0;0;0;0;0;0;0;0;0;3;0;0;0;0
"06/10/2024";"19:20:00";"204";"Com vítima";"263,000";"BR-153/GO";"Decrescente";"Atropelamento de pedestre";0;0;0;0;0;1;0;0;0;0;1;0;0;0;1
"06/10/2024";"19:30:00";"208";"Sem vítima";"284,700";"BR-153/GO";"Decrescente";"Colisão traseira";2;0;0;0;0;0;0;0;0;0;5;0;0;0;0
"06/10/2024";"21:28:00";"226";"Sem vítima";"177,000";"BR-153/GO";"Crescente";"Choque";1;0;0;0;0;0;0;0;0;0;4;0;0;0;0
"06/10/2024";"23:52:00";"258";"Com vítima";"401,000";"BR-414/GO";"Crescente";"Saída de pista";1;0;0;0;0;0;0;0;0;0;0;1;0;0;0
"07/10/2024";"00:09:00";"6";"Com vítima";"54,800";"BR-153/GO";"Crescente";"Saída de pista";1;0;0;0;0;0;0;0;0;0;0;1;0;1;0
"07/10/2024";"05:29:00";"34";"Sem vítima";"367,000";"BR-153/GO";"Crescente";"Colisão traseira";2;0;0;0;0;0;0;0;0;0;2;0;0;0;0
"07/10/2024";"12:21:00";"126";"Sem vítima";"10,250";"BR-153/GO";"Decrescente";"Capotamento";0;0;0;0;0;1;0;0;0;0;1;0;0;0;0
"07/10/2024";"23:40:00";"249";"Com vítima";"209,400";"BR-153/GO";"Decrescente";"Queda de moto";0;0;0;1;0;0;0;0;0;0;0;0;1;0;0
"08/10/2024";"07:48:00";"58";"Sem vítima";"643,000";"BR-153/TO";"Crescente";"Colisão lateral em sentido contrário";0;0;0;0;0;2;0;0;0;0;2;0;0;0;0
"08/10/2024";"09:43:00";"78";"Sem vítima";"400,000";"BR-153/GO";"Decrescente";"Queda de moto";0;0;0;1;0;0;0;0;0;0;1;0;0;0;0
"08/10/2024";"10:44:00";"93";"Sem vítima";"706,300";"BR-153/TO";"Decrescente";"Saída de pista";1;0;0;0;0;0;0;0;0;0;2;0;0;0;0
"08/10/2024";"15:29:00";"143";"Sem vítima";"394,800";"BR-153/GO";"Crescente";"Colisão traseira";0;0;0;0;0;2;0;0;0;0;2;0;0;0;0
"08/10/2024";"21:07:00";"193";"Sem vítima";"668,000";"BR-153/TO";"Decrescente";"Queda de moto";0;0;0;1;0;0;0;0;0;0;1;0;0;0;0
"08/10/2024";"22:04:00";"197";"Com vítima";"410,300";"BR-414/GO";"Crescente";"Colisão transversal";1;0;0;1;0;0;0;0;0;0;2;1;0;0;0
"09/10/2024";"17:01:00";"172";"Com vítima";"437,100";"BR-153/GO";"Decrescente";"Queda de moto";0;0;0;1;0;0;0;0;0;0;0;0;1;0;0
"09/10/2024";"19:16:00";"189";"Sem vítima";"442,000";"BR-153/GO";"Decrescente";"Colisão traseira";1;0;0;1;0;0;0;0;0;0;4;0;0;0;0
"10/10/2024";"10:33:00";"95";"Sem vítima";"174,000";"BR-153/GO";"Decrescente";"Colisão transversal";1;0;0;0;0;1;0;0;0;0;2;0;0;0;0
"10/10/2024";"12:47:00";"118";"Sem vítima";"284,000";"BR-153/GO";"Crescente";"Colisão traseira";1;0;0;1;0;0;0;0;0;0;6;0;0;0;0
"11/10/2024";"15:19:00";"150";"Com vítima";"439,000";"BR-414/GO";"Crescente";"Queda de moto";0;0;0;1;0;0;0;0;0;0;0;1;0;0;0
"11/10/2024";"20:07:00";"198";"Com vítima";"291,000";"BR-153/GO";"Decrescente";"Colisão lateral no mesmo sentido";1;0;0;0;0;1;0;0;0;0;1;0;1;1;0
"11/10/2024";"20:23:00";"204";"Sem vítima";"214,170";"BR-153/GO";"Decrescente";"Capotamento";1;0;0;0;0;0;0;0;0;0;1;0;0;0;0
"13/10/2024";"01:48:00";"15";"Sem vítima";"357,700";"BR-153/GO";"Crescente";"Atropelamento de animal";1;0;0;0;0;0;0;0;0;0;1;0;0;0;0
"13/10/2024";"01:58:00";"17";"Sem vítima";"360,000";"BR-153/GO";"Decrescente";"Atropelamento de animal";1;0;0;0;0;0;0;0;0;0;1;0;0;0;0
"13/10/2024";"10:42:00";"103";"Com vítima";"636,000";"BR-153/TO";"Decrescente";"Saída de pista";0;0;0;0;0;0;0;0;0;1;0;0;0;1;0
"13/10/2024";"14:56:00";"151";"Com vítima";"783,000";"BR-153/TO";"Decrescente";"Saída de pista";1;0;0;0;0;0;0;0;0;0;0;0;1;0;0
"13/10/2024";"16:34:00";"173";"Com vítima";"194,000";"BR-153/GO";"Crescente";"Saída de pista";1;0;0;0;0;0;0;0;0;0;1;1;0;0;0
"13/10/2024";"18:21:00";"196";"Sem vítima";"433,000";"BR-153/GO";"Crescente";"Saída de pista";1;0;0;0;0;0;0;0;0;0;2;0;0;0;0
"13/10/2024";"18:57:00";"204";"Sem vítima";"435,000";"BR-153/GO";"Crescente";"Engavetamento";3;0;0;0;0;0;0;0;0;1;9;0;0;0;0
"13/10/2024";"21:18:00";"235";"Com vítima";"131,000";"BR-080/GO";"Crescente";"Atropelamento de animal";1;0;0;0;0;0;0;0;0;0;3;0;0;0;0
"14/10/2024";"00:52:00";"4";"Sem vítima";"368,350";"BR-414/GO";"Crescente";"Saída de pista";1;0;0;0;0;0;0;0;0;0;1;0;0;0;0
"14/10/2024";"07:55:00";"57";"Sem vítima";"112,000";"BR-153/GO";"Decrescente";"Saída de pista";1;0;0;0;0;0;0;0;0;0;3;0;0;0;0
"14/10/2024";"08:04:00";"59";"Com vítima";"432,000";"BR-153/GO";"Crescente";"Atropelamento de animal";0;0;0;1;0;0;0;0;0;0;0;1;0;0;0
"14/10/2024";"16:41:00";"158";"Sem vítima";"91,300";"BR-153/GO";"Crescente";"Tombamento";0;0;0;0;0;1;0;0;0;0;1;0;0;0;0
"14/10/2024";"19:58:00";"187";"Sem vítima";"287,500";"BR-153/GO";"Decrescente";"Choque";1;0;0;0;0;0;0;0;0;1;4;0;0;0;0
"14/10/2024";"22:35:00";"206";"Sem vítima";"400,820";"BR-414/GO";"Decrescente";"Queda de moto";0;0;0;1;0;0;0;0;0;0;1;0;0;0;0
"14/10/2024";"23:09:00";"210";"Sem vítima";"196,200";"BR-153/GO";"Decrescente";"Colisão transversal";1;0;0;0;0;1;0;0;0;0;2;0;0;0;0
"15/10/2024";"05:17:00";"28";"Com vítima";"174,500";"BR-153/GO";"Crescente";"Colisão frontal";1;0;1;0;0;0;0;0;0;0;2;0;0;1;0
"15/10/2024";"09:26:00";"73";"Sem vítima";"625,000";"BR-153/TO";"Crescente";"Carreta deu L";0;0;1;0;0;0;0;0;0;0;1;0;0;0;0
"15/10/2024";"19:26:00";"153";"Com vítima";"355,500";"BR-153/GO";"Decrescente";"Colisão lateral no mesmo sentido";1;0;0;0;0;1;0;0;0;0;2;0;2;0;0
"16/10/2024";"10:33:00";"95";"Sem vítima";"677,000";"BR-153/TO";"Decrescente";"Colisão traseira";1;0;0;0;0;1;0;0;0;0;3;0;0;0;0
"16/10/2024";"13:35:00";"121";"Com vítima";"247,000";"BR-153/GO";"Crescente";"Colisão lateral em sentido contrário";1;0;0;0;0;1;0;0;0;0;0;2;0;0;0
"16/10/2024";"19:41:00";"184";"Com vítima";"135,000";"BR-080/GO";"Crescente";"Capotamento";0;0;0;0;0;0;0;0;0;1;1;0;0;0;0
"17/10/2024";"01:00:00";"6";"Com vítima";"146,000";"BR-153/GO";"Decrescente";"Atropelamento de animal";0;0;1;0;0;0;0;0;0;0;1;0;0;0;0
"17/10/2024";"08:04:00";"64";"Com vítima";"105,020";"BR-153/GO";"Crescente";"Saída de pista";1;0;0;0;0;0;0;0;0;0;0;1;0;0;0
"17/10/2024";"11:18:00";"114";"Com vítima";"723,000";"BR-153/TO";"Decrescente";"Saída de pista";0;0;0;0;0;1;0;0;0;0;0;1;0;0;0
"17/10/2024";"16:49:00";"199";"Sem vítima";"677,000";"BR-153/TO";"Crescente";"Colisão lateral no mesmo sentido";1;0;0;0;0;1;0;0;0;0;3;0;0;0;0
"17/10/2024";"18:33:00";"219";"Sem vítima";"15,500";"BR-153/GO";"Crescente";"Saída de pista";0;0;0;0;1;0;0;0;0;0;21;0;0;0;0
"17/10/2024";"19:28:00";"238";"Com vítima";"324,750";"BR-153/GO";"Crescente";"Colisão frontal";0;0;0;1;0;1;0;0;0;0;1;0;0;0;1
"17/10/2024";"20:04:00";"242";"Sem vítima";"345,100";"BR-153/GO";"Decrescente";"Tombamento";0;0;1;0;0;0;0;0;0;0;1;0;0;0;0
"17/10/2024";"21:09:00";"247";"Com vítima";"325,050";"BR-153/GO";"Crescente";"Colisão lateral no mesmo sentido";0;0;2;0;0;1;0;0;0;0;1;2;0;0;0
"18/10/2024";"08:33:00";"29";"Com vítima";"428,300";"BR-414/GO";"Decrescente";"Colisão transversal";1;0;0;0;0;0;0;0;0;1;0;3;1;0;0
"18/10/2024";"08:43:00";"32";"Sem vítima";"393,600";"BR-414/GO";"Decrescente";"Colisão lateral no mesmo sentido";2;0;0;0;0;0;0;0;0;0;2;0;0;0;0
"18/10/2024";"09:57:00";"51";"Com vítima";"371,800";"BR-414/GO";"Crescente";"Saída de pista";1;0;0;0;0;0;0;0;0;0;0;1;0;0;0
"18/10/2024";"10:28:00";"63";"Sem vítima";"637,000";"BR-153/TO";"Decrescente";"Engavetamento";0;0;1;0;0;3;0;0;0;0;5;0;0;0;0
"18/10/2024";"11:06:00";"69";"Com vítima";"200,000";"BR-153/GO";"Decrescente";"Colisão transversal";1;0;1;0;0;0;0;0;0;0;1;0;1;0;0
"18/10/2024";"12:14:00";"76";"Sem vítima";"285,000";"BR-153/GO";"Decrescente";"Colisão traseira";1;0;0;0;0;0;0;0;0;1;4;0;0;0;0
"18/10/2024";"13:28:00";"87";"Sem vítima";"439,000";"BR-153/GO";"Crescente";"Colisão traseira";2;0;0;0;0;0;0;0;0;0;2;0;0;0;0
"18/10/2024";"18:03:00";"148";"Sem vítima";"683,500";"BR-153/TO";"Crescente";"Colisão lateral no mesmo sentido";1;0;1;0;0;0;0;0;0;0;3;0;0;0;0
"19/10/2024";"00:11:00";"1";"Sem vítima";"234,000";"BR-153/GO";"Crescente";"Choque";0;0;0;0;0;1;0;0;0;0;2;0;0;0;0
"19/10/2024";"11:58:00";"111";"Sem vítima";"393,200";"BR-153/GO";"Decrescente";"Tombamento";0;0;1;0;0;0;0;0;0;0;2;0;0;0;0
"19/10/2024";"12:20:00";"118";"Sem vítima";"130,900";"BR-080/GO";"Crescente";"Tombamento";0;0;0;0;0;1;0;0;0;0;1;0;0;0;0
"19/10/2024";"13:05:00";"126";"Sem vítima";"628,920";"BR-153/TO";"Crescente";"Colisão traseira";0;0;0;0;0;2;0;0;0;0;2;0;0;0;0
"19/10/2024";"13:34:00";"130";"Sem vítima";"628,400";"BR-153/TO";"Crescente";"Colisão traseira";2;0;0;0;0;0;0;0;0;0;4;0;0;0;0
"19/10/2024";"15:20:00";"150";"Com vítima";"760,000";"BR-153/TO";"Crescente";"Tombamento";0;0;0;0;0;1;0;0;0;0;0;0;2;0;0
"19/10/2024";"20:08:00";"204";"Sem vítima";"411,552";"BR-153/GO";"Decrescente";"Colisão lateral no mesmo sentido";1;0;0;0;0;1;0;0;0;0;2;0;0;0;0
"19/10/2024";"20:37:00";"213";"Sem vítima";"199,900";"BR-153/GO";"Crescente";"Colisão lateral no mesmo sentido";0;0;2;0;0;0;0;0;0;0;2;0;0;0;0
"20/10/2024";"10:31:00";"100";"Com vítima";"426,650";"BR-153/GO";"Crescente";"Capotamento";1;0;0;0;0;0;0;0;0;0;0;2;0;0;0
"20/10/2024";"10:47:00";"103";"Com vítima";"426,800";"BR-153/GO";"Crescente";"Capotamento";0;0;0;0;0;0;0;0;0;1;0;1;0;0;0
"20/10/2024";"16:07:00";"154";"Sem vítima";"435,000";"BR-153/GO";"Decrescente";"Colisão traseira";1;0;0;0;0;0;0;0;0;1;2;0;0;0;0
"20/10/2024";"20:08:00";"192";"Com vítima";"0,700";"BR-153/GO";"Decrescente";"Queda de moto";0;0;0;1;0;0;0;0;0;0;0;1;1;0;0
"20/10/2024";"20:30:00";"194";"Com vítima";"789,300";"BR-153/TO";"Decrescente";"Atropelamento de animal";0;0;0;0;0;1;0;0;0;0;1;0;0;0;0
"20/10/2024";"23:20:00";"216";"Com vítima";"428,800";"BR-153/GO";"Decrescente";"Capotamento";1;0;0;0;0;0;0;0;0;0;0;1;0;0;0
"21/10/2024";"10:19:00";"89";"Com vítima";"439,000";"BR-153/GO";"Crescente";"Queda de moto";0;0;0;1;0;0;0;0;0;0;0;0;1;0;0
"21/10/2024";"11:36:00";"111";"Sem vítima";"359,000";"BR-153/GO";"Decrescente";"Saída de pista";0;0;1;0;0;0;0;0;0;0;1;0;0;0;0
"21/10/2024";"11:54:00";"115";"Sem vítima";"361,000";"BR-153/GO";"Decrescente";"Colisão traseira";1;0;1;0;0;0;0;0;0;0;2;0;0;0;0
"21/10/2024";"11:54:00";"116";"Sem vítima";"761,000";"BR-153/TO";"Decrescente";"Colisão traseira";0;0;0;0;0;2;0;0;0;0;2;0;0;0;0
"21/10/2024";"13:04:00";"129";"Sem vítima";"622,700";"BR-153/TO";"Crescente";"Carreta deu L";0;0;0;0;0;1;0;0;0;0;1;0;0;0;0
"21/10/2024";"13:37:00";"132";"Sem vítima";"32,400";"BR-153/GO";"Decrescente";"Saída de pista";1;0;0;0;0;0;0;0;0;0;2;0;0;0;0