data;horario;n_da_ocorrencia;tipo_de_ocorrencia;km;trecho;sentido;tipo_de_acidente;automovel;bicicleta;caminhao;moto;onibus;outros;tracao_animal;transporte_de_cargas_especiais;trator_maquinas;utilitarios;ilesos;levemente_feridos;moderadamente_feridos;gravemente_feridos;mortos
"20/11/2024";"01:13:00";"7";"Com vítima";"437,550";"BR-153/GO";"Crescente";"Queda de moto";0;0;0;1;0;1;0;0;0;0;1;0;1;0;0
"20/11/2024";"04:08:00";"16";"Sem vítima";"92,500";"BR-153/GO";"Crescente";"Colisão traseira";1;0;0;0;0;0;0;0;0;1;7;0;0;0;0
"20/11/2024";"08:10:00";"46";"Sem vítima";"724,000";"BR-153/TO";"Decrescente";"Colisão traseira";0;0;0;0;0;2;0;0;0;0;2;0;0;0;0
"21/11/2024";"11:57:00";"100";"Com vítima";"690,500";"BR-153/TO";"Decrescente";"Colisão traseira";0;0;0;0;0;2;0;0;0;0;2;0;1;0;0
"21/11/2024";"14:42:00";"119";"Sem vítima";"79,900";"BR-153/GO";"Decrescente";"Saída de pista";0;0;0;0;0;1;0;0;0;0;1;0;0;0;0
"21/11/2024";"19:39:00";"173";"Sem vítima";"336,400";"BR-153/GO";"Crescente";"Colisão traseira";0;0;1;0;0;1;0;0;0;0;2;0;0;0;0
"22/11/2024";"07:42:00";"54";"Sem vítima";"148,400";"BR-153/GO";"Crescente";"Saída de pista";0;0;0;0;0;1;0;0;0;0;1;0;0;0;0
"22/11/2024";"14:49:00";"149";"Com vítima";"148,750";"BR-080/GO";"Crescente";"Saída de pista";1;0;0;0;0;0;0;0;0;0;0;2;0;0;0
"23/11/2024";"09:32:00";"79";"Sem vítima";"165,300";"BR-080/GO";"Decrescente";"Tombamento";1;0;0;0;0;0;0;0;0;0;1;0;0;0;0
"23/11/2024";"09:42:00";"82";"Sem vítima";"671,500";"BR-153/TO";"Crescente";"Tombamento";0;0;1;0;0;0;0;0;0;0;1;0;0;0;0
"23/11/2024";"14:05:00";"123";"Sem vítima";"438,100";"BR-153/GO";"Crescente";"Saída de pista";1;0;0;0;0;0;0;0;0;0;1;0;0;0;0
"23/11/2024";"19:14:00";"185";"Com vítima";"437,000";"BR-414/GO";"Crescente";"Atropelamento de pedestre";0;0;0;0;0;1;0;0;0;0;1;0;1;0;0
"24/11/2024";"03:13:00";"19";"Com vítima";"95,200";"BR-153/GO";"Crescente";"Capotamento";1;0;0;0;0;0;0;0;0;0;0;1;0;0;0
"24/11/2024";"08:21:00";"67";"Sem vítima";"279,800";"BR-153/GO";"Crescente";"Saída de pista";1;0;0;0;0;0;0;0;0;0;1;0;0;0;0
"24/11/2024";"11:58:00";"114";"Com vítima";"383,400";"BR-414/GO";"Decrescente";"Colisão lateral no mesmo sentido";1;0;0;1;0;0;0;0;0;0;2;1;0;0;0
"25/11/2024";"13:35:00";"112";"Com vítima";"258,300";"BR-153/GO";"Crescente";"Saída de pista";1;0;0;0;0;0;0;0;0;0;1;4;0;0;0
"25/11/2024";"20:56:00";"201";"Com vítima";"312,500";"BR-414/GO";"Decrescente";"Atropelamento de animal";1;0;0;0;0;0;0;0;0;0;1;1;0;0;0
"26/11/2024";"08:46:00";"53";"Com vítima";"417,100";"BR-153/GO";"Decrescente";"Saída de pista";1;0;0;0;0;0;0;0;0;0;2;0;1;0;0
"26/11/2024";"12:11:00";"101";"Sem vítima";"436,800";"BR-414/GO";"Crescente";"Colisão transversal";0;0;0;1;0;1;0;0;0;0;3;0;0;0;0
"26/11/2024";"13:23:00";"112";"Sem vítima";"207,350";"BR-153/GO";"Crescente";"Colisão traseira";1;0;0;0;0;1;0;0;0;0;2;0;0;0;0
"26/11/2024";"18:03:00";"160";"Com vítima";"342,200";"BR-153/GO";"Crescente";"Capotamento";1;0;0;0;0;0;0;0;0;0;0;2;0;0;0
"27/11/2024";"06:27:00";"35";"Sem vítima";"654,300";"BR-153/TO";"Crescente";"Colisão lateral em sentido contrário";1;0;1;0;0;0;0;0;0;1;7;0;0;0;0
"27/11/2024";"08:03:00";"50";"Sem vítima";"325,400";"BR-153/GO";"Crescente";"Colisão traseira";1;0;1;0;0;0;0;0;0;0;5;0;0;0;0
"27/11/2024";"11:41:00";"110";"Sem vítima";"78,350";"BR-153/GO";"Crescente";"Tombamento";0;0;0;0;0;1;0;0;0;0;1;0;0;0;0
"27/11/2024";"13:51:00";"131";"Sem vítima";"161,500";"BR-153/GO";"Crescente";"Saída de pista";1;0;1;0;0;0;0;0;0;0;4;0;0;0;0
"27/11/2024";"23:38:00";"218";"Com vítima";"438,700";"BR-414/GO";"Decrescente";"Colisão frontal";2;0;0;0;0;0;0;0;0;0;1;1;0;0;0
"28/11/2024";"15:35:00";"145";"Sem vítima";"440,000";"BR-414/GO";"Decrescente";"Colisão lateral no mesmo sentido";0;0;0;0;0;1;0;0;0;1;2;0;0;0;0
"28/11/2024";"17:04:00";"164";"Sem vítima";"284,600";"BR-153/GO";"Decrescente";"Colisão traseira";0;0;2;0;0;0;0;0;0;0;3;0;0;0;0
"28/11/2024";"19:25:00";"182";"Com vítima";"681,300";"BR-153/TO";"Crescente";"Colisão traseira";1;0;0;0;0;1;0;0;0;0;1;0;1;0;0
"29/11/2024";"07:49:00";"65";"Com vítima";"435,500";"BR-153/GO";"Crescente";"Queda de moto";0;0;0;1;0;0;0;0;0;0;0;1;0;0;0
"29/11/2024";"12:49:00";"136";"Sem vítima";"430,500";"BR-153/GO";"Crescente";"Choque";1;0;0;0;0;0;0;0;0;0;3;0;0;0;0
"29/11/2024";"12:57:00";"138";"Com vítima";"425,800";"BR-153/GO";"Decrescente";"Colisão traseira";1;0;0;0;0;1;0;0;0;0;1;1;0;0;0
"29/11/2024";"14:56:00";"161";"Sem vítima";"195,500";"BR-153/GO";"Decrescente";"Saída de pista";0;0;0;0;0;0;0;0;0;1;2;0;0;0;0
"30/11/2024";"02:48:00";"13";"Com vítima";"298,500";"BR-153/GO";"Decrescente";"Colisão frontal";1;0;0;0;0;0;0;0;0;1;0;0;1;1;4
"30/11/2024";"09:19:00";"76";"Sem vítima";"4,000";"BR-153/GO";"Decrescente";"Saída de pista";1;0;0;0;0;0;0;0;0;0;3;0;0;0;0
"30/11/2024";"12:34:00";"123";"Com vítima";"173,000";"BR-153/GO";"Crescente";"Atropelamento de ciclista";0;1;0;1;0;0;0;0;0;0;0;0;1;0;0
"30/11/2024";"12:44:00";"125";"Sem vítima";"693,500";"BR-153/TO";"Decrescente";"Choque";0;0;0;0;0;1;0;0;0;0;3;0;0;0;0
"01/12/2024";"08:15:00";"43";"Sem vítima";"260,300";"BR-153/GO";"Crescente";"Saída de pista";1;0;0;0;0;0;0;0;0;0;3;0;0;0;0
"01/12/2024";"13:08:00";"85";"Com vítima";"336,950";"BR-153/GO";"Decrescente";"Choque";0;0;0;0;0;0;0;0;0;1;0;0;1;0;0
"01/12/2024";"13:10:00";"87";"Com vítima";"65,900";"BR-153/GO";"Crescente";"Queda de moto";0;0;0;1;0;0;0;0;0;0;0;1;0;0;0
"02/12/2024";"00:08:00";"2";"Com vítima";"57,300";"BR-153/GO";"Decrescente";"Colisão lateral no mesmo sentido";1;0;0;0;0;1;0;0;0;0;1;1;0;0;0
"02/12/2024";"03:15:00";"15";"Com vítima";"82,440";"BR-153/GO";"Crescente";"Queda de moto";0;0;0;1;0;0;0;0;0;0;0;0;0;1;0
"02/12/2024";"07:33:00";"55";"Com vítima";"436,500";"BR-153/GO";"Crescente";"Colisão traseira";0;0;0;1;0;1;0;0;0;0;2;1;0;0;0
"02/12/2024";"16:49:00";"167";"Com vítima";"320,000";"BR-153/GO";"Crescente";"Colisão traseira";0;0;1;1;0;0;0;0;0;0;1;0;1;0;0
"02/12/2024";"19:27:00";"191";"Sem vítima";"105,000";"BR-080/GO";"Decrescente";"Atropelamento de animal";1;0;0;0;0;0;0;0;0;0;2;0;0;0;0
"02/12/2024";"21:06:00";"209";"Com vítima";"712,800";"BR-153/TO";"Decrescente";"Capotamento";1;0;0;0;0;0;0;0;0;0;1;0;0;0;1
"03/12/2024";"07:53:00";"41";"Sem vítima";"438,000";"BR-153/GO";"Decrescente";"Colisão traseira";1;0;0;0;0;0;0;0;0;1;2;0;0;0;0
"03/12/2024";"09:17:00";"53";"Com vítima";"226,000";"BR-153/GO";"Crescente";"Colisão lateral no mesmo sentido";0;0;1;0;0;1;0;0;0;1;3;0;1;0;0
"03/12/2024";"16:37:00";"135";"Sem vítima";"284,750";"BR-153/GO";"Decrescente";"Colisão traseira";2;0;0;0;0;0;0;0;0;0;2;0;0;0;0
"03/12/2024";"17:37:00";"141";"Com vítima";"438,000";"BR-414/GO";"Decrescente";"Queda de moto";0;0;0;1;0;0;0;0;0;0;0;1;0;0;0
"04/12/2024";"01:53:00";"5";"Com vítima";"86,100";"BR-153/GO";"Crescente";"Tombamento";0;0;0;0;1;0;0;0;0;0;16;6;1;0;0
"04/12/2024";"09:04:00";"63";"Com vítima";"777,992";"BR-153/TO";"Decrescente";"Colisão traseira";0;0;0;0;1;1;0;0;0;0;5;3;1;0;0
"04/12/2024";"14:43:00";"115";"Sem vítima";"386,500";"BR-414/GO";"Crescente";"Saída de pista";1;0;0;0;0;0;0;0;0;0;2;0;0;0;0
"04/12/2024";"15:12:00";"121";"Sem vítima";"182,040";"BR-153/GO";"Decrescente";"Colisão traseira";1;0;0;0;0;1;0;0;0;0;2;0;0;0;0
"04/12/2024";"22:16:00";"190";"Com vítima";"364,200";"BR-153/GO";"Crescente";"Colisão lateral em sentido contrário";1;0;1;0;0;0;0;0;0;0;3;0;1;0;0
"04/12/2024";"23:33:00";"198";"Sem vítima";"148,750";"BR-080/GO";"Crescente";"Saída de pista";0;0;0;0;0;1;0;0;0;0;2;0;0;0;0
"05/12/2024";"06:39:00";"40";"Com vítima";"436,670";"BR-414/GO";"Crescente";"Choque";0;1;0;0;0;1;0;0;0;0;1;0;0;0;0
"05/12/2024";"06:45:00";"44";"Sem vítima";"439,620";"BR-153/GO";"Decrescente";"Engavetamento";3;0;0;0;0;0;0;0;0;0;3;0;0;0;0
"05/12/2024";"20:52:00";"207";"Sem vítima";"318,700";"BR-414/GO";"Crescente";"Queda de moto";0;0;0;0;0;1;0;0;0;0;1;0;0;0;0
"06/12/2024";"08:35:00";"80";"Sem vítima";"309,400";"BR-153/GO";"Decrescente";"Saída de pista";0;0;0;0;0;1;0;0;0;0;1;0;0;0;0
"06/12/2024";"14:12:00";"147";"Sem vítima";"697,400";"BR-153/TO";"Crescente";"Saída de pista";1;0;0;0;0;0;0;0;0;0;3;0;0;0;0
"06/12/2024";"15:18:00";"155";"Sem vítima";"234,000";"BR-153/GO";"Crescente";"Colisão traseira";1;0;0;0;0;1;0;0;0;0;2;0;0;0;0
"06/12/2024";"18:06:00";"191";"Sem vítima";"670,100";"BR-153/TO";"Decrescente";"Saída de pista";0;0;0;0;0;1;0;0;0;0;1;0;0;0;0
"06/12/2024";"21:19:00";"221";"Com vítima";"410,000";"BR-153/GO";"Decrescente";"Colisão transversal";2;0;0;0;0;0;0;0;0;0;2;1;2;0;0
"07/12/2024";"08:48:00";"80";"Sem vítima";"412,250";"BR-414/GO";"Decrescente";"Colisão traseira";0;0;0;0;0;0;0;0;0;2;4;0;0;0;0
"07/12/2024";"11:01:00";"118";"Sem vítima";"52,600";"BR-153/GO";"Crescente";"Choque";0;0;0;0;0;2;0;0;0;0;2;0;0;0;0
"07/12/2024";"11:20:00";"125";"Sem vítima";"353,500";"BR-153/GO";"Decrescente";"Colisão transversal";2;0;0;0;0;0;0;0;0;0;2;0;0;0;0
"07/12/2024";"12:29:00";"142";"Sem vítima";"413,000";"BR-414/GO";"Decrescente";"Saída de pista";0;0;0;0;0;0;0;0;0;1;1;0;0;0;0
"07/12/2024";"21:56:00";"239";"Sem vítima";"403,800";"BR-153/GO";"Decrescente";"Atropelamento de animal";1;0;0;0;0;0;0;0;0;0;2;0;0;0;0
"08/12/2024";"01:40:00";"9";"Sem vítima";"436,800";"BR-153/GO";"Decrescente";"Colisão traseira";1;0;0;0;0;0;0;0;0;0;1;0;0;0;0
"08/12/2024";"02:10:00";"12";"Com vítima";"759,600";"BR-153/TO";"Decrescente";"Saída de pista";0;0;0;0;0;1;0;0;0;0;0;0;1;0;0
"08/12/2024";"09:36:00";"77";"Com vítima";"396,000";"BR-414/GO";"Crescente";"Colisão lateral no mesmo sentido";1;0;0;1;0;0;0;0;0;1;2;0;1;0;0
"08/12/2024";"15:48:00";"144";"Sem vítima";"113,270";"BR-080/GO";"Crescente";"Saída de pista";1;0;0;0;0;0;0;0;0;0;1;0;0;0;0
"08/12/2024";"17:17:00";"163";"Sem vítima";"410,000";"BR-414/GO";"Crescente";"Saída de pista";1;0;0;0;0;0;0;0;0;0;2;0;0;0;0
"08/12/2024";"18:37:00";"178";"Com vítima";"772,800";"BR-153/TO";"Crescente";"Capotamento";1;0;0;0;0;0;0;0;0;0;3;0;2;0;0
"08/12/2024";"19:48:00";"196";"Com vítima";"202,000";"BR-153/GO";"Decrescente";"Colisão frontal";2;0;0;0;0;1;0;0;0;0;2;0;0;1;0
"09/12/2024";"10:43:00";"109";"Sem vítima";"37,400";"BR-153/GO";"Decrescente";"Colisão traseira";0;0;0;0;0;2;0;0;0;0;2;0;0;0;0
"09/12/2024";"13:03:00";"133";"Sem vítima";"356,280";"BR-153/GO";"Crescente";"Colisão transversal";2;0;0;0;0;0;0;0;0;0;5;0;0;0;0
"09/12/2024";"14:06:00";"149";"Com vítima";"345,950";"BR-153/GO";"Crescente";"Capotamento";1;0;0;0;0;0;0;0;0;0;0;0;1;0;0
"09/12/2024";"17:26:00";"186";"Com vítima";"66,000";"BR-153/GO";"Crescente";"Engavetamento";1;0;1;0;0;1;0;0;0;0;4;1;0;0;0
"09/12/2024";"17:34:00";"189";"Com vítima";"439,000";"BR-414/GO";"Decrescente";"Colisão lateral em sentido contrário";2;0;0;0;0;0;0;0;0;0;1;1;0;0;0
"09/12/2024";"20:35:00";"210";"Sem vítima";"260,000";"BR-153/GO";"Decrescente";"Choque";1;0;0;0;0;1;0;0;0;0;2;0;0;0;0
"09/12/2024";"23:18:00";"231";"Com vítima";"324,000";"BR-153/GO";"Decrescente";"Queda de moto";1;0;0;0;0;0;0;0;0;0;0;0;1;0;0
"09/12/2024";"23:27:00";"232";"Com vítima";"431,600";"BR-153/GO";"Decrescente";"Saída de pista";1;0;0;0;0;0;0;0;0;0;0;0;1;0;0
"10/12/2024";"06:40:00";"47";"Sem vítima";"437,000";"BR-153/GO";"Crescente";"Atropelamento de animal";0;0;0;1;0;0;0;0;0;0;1;0;0;0;0
"10/12/2024";"11:18:00";"122";"Sem vítima";"435,000";"BR-153/GO";"Decrescente";"Choque";1;0;0;0;0;0;0;0;0;0;1;0;0;0;0
"10/12/2024";"13:58:00";"145";"Com vítima";"427,000";"BR-414/GO";"Decrescente";"Saída de pista";1;0;0;0;0;0;0;0;0;0;1;0;1;0;0
"10/12/2024";"15:58:00";"173";"Com vítima";"650,500";"BR-153/TO";"Decrescente";"Saída de pista";1;0;0;0;0;0;0;0;0;0;0;2;1;0;0
"11/12/2024";"11:19:00";"79";"Sem vítima";"198,500";"BR-153/GO";"Crescente";"Colisão transversal";1;0;0;1;0;0;0;0;0;0;2;0;0;0;0
"11/12/2024";"15:53:00";"127";"Sem vítima";"432,950";"BR-153/GO";"Decrescente";"Saída de pista";1;0;0;0;0;0;0;0;0;0;1;0;0;0;0
"12/12/2024";"07:05:00";"41";"Sem vítima";"636,000";"BR-153/TO";"Decrescente";"Colisão traseira";2;0;1;0;0;0;0;0;0;0;7;0;0;0;0
"12/12/2024";"07:20:00";"47";"Sem vítima";"411,300";"BR-153/GO";"Decrescente";"Capotamento";0;0;0;0;0;0;0;0;0;1;1;0;0;0;0
"12/12/2024";"15:46:00";"132";"Sem vítima";"441,000";"BR-153/GO";"Crescente";"Colisão traseira";1;0;0;0;0;1;0;0;0;0;2;0;0;0;0
"13/12/2024";"00:08:00";"3";"Com vítima";"699,773";"BR-153/TO";"Crescente";"Atropelamento de animal";1;0;0;0;0;0;0;0;0;0;2;0;0;0;0
"13/12/2024";"11:15:00";"111";"Com vítima";"724,400";"BR-153/TO";"Crescente";"Engavetamento";1;0;0;0;0;2;0;0;0;0;4;2;0;0;0
"13/12/2024";"12:14:00";"120";"Sem vítima";"177,500";"BR-153/GO";"Crescente";"Choque";0;0;0;0;0;0;0;0;0;1;2;0;0;0;0
"13/12/2024";"15:16:00";"150";"Com vítima";"138,900";"BR-153/GO";"Crescente";"Colisão frontal";0;0;2;0;0;0;0;0;0;0;0;0;0;1;4
"14/12/2024";"05:07:00";"33";"Sem vítima";"166,330";"BR-080/GO";"Decrescente";"Saída de pista";1;0;0;0;0;0;0;0;0;0;5;0;0;0;0
"14/12/2024";"06:06:00";"36";"Com vítima";"262,418";"BR-153/GO";"Crescente";"Saída de pista";1;0;0;0;0;0;0;0;0;0;0;1;0;0;0
"14/12/2024";"15:03:00";"163";"Com vítima";"154,900";"BR-153/GO";"Decrescente";"Saída de pista";1;0;0;0;0;0;0;0;0;0;2;2;0;0;0
"14/12/2024";"17:58:00";"199";"Com vítima";"429,700";"BR-153/GO";"Crescente";"Colisão traseira";0;0;0;1;0;1;0;0;0;0;1;1;0;0;0
"14/12/2024";"23:59:00";"261";"Com vítima";"415,000";"BR-414/GO";"Crescente";"Atropelamento de ciclista";0;1;0;0;0;1;0;0;0;0;1;0;0;0;0
"15/12/2024";"09:53:00";"85";"Com vítima";"259,900";"BR-153/GO";"Crescente";"Queda de moto";0;0;0;1;0;0;0;0;0;0;0;2;0;0;0
"15/12/2024";"13:51:00";"140";"Com vítima";"230,300";"BR-153/GO";"Decrescente";"Capotamento";0;0;0;0;0;0;0;0;0;1;0;0;0;0;1
"15/12/2024";"18:21:00";"203";"Sem vítima";"386,400";"BR-153/GO";"Decrescente";"Colisão lateral em sentido contrário";1;0;0;0;0;1;0;0;0;0;3;0;0;0;0
"15/12/2024";"18:22:00";"204";"Sem vítima";"437,000";"BR-414/GO";"Crescente";"Engavetamento";2;0;0;0;0;1;0;0;0;0;8;0;0;0;0
"15/12/2024";"19:00:00";"210";"Sem vítima";"195,200";"BR-153/GO";"Crescente";"Saída de pista";1;0;0;0;0;0;0;0;0;0;1;0;0;0;0
"15/12/2024";"19:19:00";"215";"Sem vítima";"367,500";"BR-153/GO";"Decrescente";"Colisão transversal";0;0;1;1;0;0;0;0;0;0;2;0;0;0;0
"16/12/2024";"00:35:00";"5";"Sem vítima";"439,400";"BR-414/GO";"Crescente";"Colisão transversal";1;0;0;0;0;1;0;0;0;0;2;0;0;0;0
"16/12/2024";"04:11:00";"16";"Com vítima";"205,100";"BR-153/GO";"Crescente";"Queda de moto";0;0;0;1;0;0;0;0;0;0;0;2;0;0;0
"16/12/2024";"13:39:00";"112";"Com vítima";"433,250";"BR-414/GO";"Decrescente";"Saída de pista";1;0;0;0;0;0;0;0;0;0;1;0;1;0;0
"16/12/2024";"15:33:00";"133";"Sem vítima";"224,370";"BR-153/GO";"Crescente";"Colisão traseira";2;0;0;0;0;0;0;0;0;0;7;0;0;0;0
"16/12/2024";"22:05:00";"195";"Sem vítima";"649,950";"BR-153/TO";"Crescente";"Colisão lateral no mesmo sentido";0;0;0;0;1;1;0;0;0;0;46;0;0;0;0
"17/12/2024";"00:03:00";"1";"Com vítima";"108,050";"BR-153/GO";"Decrescente";"Atropelamento de animal";1;0;0;0;0;0;0;0;0;0;5;0;0;0;0
"17/12/2024";"04:49:00";"22";"Sem vítima";"256,500";"BR-153/GO";"Decrescente";"Choque";0;0;0;0;1;0;0;0;0;0;40;0;0;0;0
"17/12/2024";"07:48:00";"50";"Com vítima";"436,980";"BR-153/GO";"Decrescente";"Colisão traseira";1;0;0;1;0;0;0;0;0;0;2;0;1;0;0
"17/12/2024";"14:58:00";"134";"Sem vítima";"423,900";"BR-414/GO";"Decrescente";"Capotamento";1;0;0;0;0;0;0;0;0;0;1;0;0;0;0
"17/12/2024";"20:28:00";"188";"Com vítima";"404,400";"BR-414/GO";"Decrescente";"Colisão transversal";1;0;0;0;0;1;0;0;0;0;1;1;0;0;0
"17/12/2024";"21:32:00";"197";"Com vítima";"702,100";"BR-153/TO";"Crescente";"Colisão transversal";2;0;0;0;0;0;0;0;0;0;2;0;1;0;0
"18/12/2024";"03:09:00";"15";"Com vítima";"102,250";"BR-153/GO";"Crescente";"Colisão transversal";1;0;0;0;1;0;0;0;0;0;36;1;0;1;2
"18/12/2024";"09:40:00";"75";"Com vítima";"758,500";"BR-153/TO";"Decrescente";"Saída de pista";0;0;0;1;0;0;0;0;0;0;0;3;0;0;0
"19/12/2024";"01:51:00";"10";"Sem vítima";"760,000";"BR-153/TO";"Decrescente";"Saída de pista";1;0;0;0;0;0;0;0;0;0;1;0;0;0;0
"19/12/2024";"10:29:00";"79";"Sem vítima";"356,300";"BR-153/GO";"Decrescente";"Colisão transversal";2;0;0;0;0;0;0;0;0;0;3;0;0;0;0
"19/12/2024";"13:40:00";"120";"Sem vítima";"384,000";"BR-414/GO";"Crescente";"Saída de pista";0;0;0;0;0;1;0;0;0;0;1;0;0;0;0
"19/12/2024";"19:17:00";"194";"Com vítima";"438,095";"BR-414/GO";"Decrescente";"Colisão traseira";0;0;0;1;0;1;0;0;0;0;1;0;1;0;0
"20/12/2024";"08:29:00";"70";"Com vítima";"391,300";"BR-414/GO";"Crescente";"Saída de pista";1;0;0;0;0;0;0;0;0;0;2;2;1;0;0
"20/12/2024";"10:41:00";"102";"Com vítima";"378,050";"BR-414/GO";"Decrescente";"Colisão traseira";0;0;2;0;0;0;0;0;0;0;2;0;1;0;0
"20/12/2024";"11:20:00";"114";"Sem vítima";"760,000";"BR-153/TO";"Decrescente";"Colisão lateral no mesmo sentido";1;0;0;0;0;1;0;0;0;0;4;0;0;0;0
"20/12/2024";"14:20:00";"150";"Com vítima";"434,600";"BR-414/GO";"Decrescente";"Colisão transversal";0;0;0;0;0;2;0;0;0;0;1;1;0;0;0
"20/12/2024";"22:22:00";"275";"Com vítima";"723,000";"BR-153/TO";"Decrescente";"Atropelamento de ciclista";1;1;0;0;0;0;0;0;0;0;2;0;0;0;0
"21/12/2024";"05:19:00";"42";"Sem vítima";"25,900";"BR-153/GO";"Crescente";"Tombamento";0;0;1;0;0;0;0;0;0;0;1;0;0;0;0
"21/12/2024";"06:44:00";"54";"Sem vítima";"157,050";"BR-153/GO";"Decrescente";"Colisão lateral no mesmo sentido";1;0;0;0;0;0;0;0;0;1;6;0;0;0;0
"21/12/2024";"08:34:00";"82";"Com vítima";"415,000";"BR-153/GO";"Decrescente";"Saída de pista";1;0;0;0;0;0;0;0;0;0;0;0;2;0;0
"21/12/2024";"09:21:00";"91";"Com vítima";"340,300";"BR-153/GO";"Decrescente";"Capotamento";1;0;0;0;0;0;0;0;0;0;2;0;1;0;0
"21/12/2024";"10:56:00";"118";"Sem vítima";"42,800";"BR-153/GO";"Decrescente";"Saída de pista";0;0;0;0;0;0;0;0;0;1;4;0;0;0;0
"21/12/2024";"18:22:00";"230";"Sem vítima";"359,000";"BR-153/GO";"Decrescente";"Queda de moto";0;0;0;1;0;0;0;0;0;0;1;0;0;0;0
"21/12/2024";"21:25:00";"277";"Sem vítima";"437,000";"BR-153/GO";"Crescente";"Queda de moto";0;0;0;1;0;0;0;0;0;0;2;0;0;0;0
"22/12/2024";"01:35:00";"9";"Com vítima";"209,500";"BR-153/GO";"Decrescente";"Saída de pista";1;0;0;0;0;0;0;0;0;0;0;4;0;0;0
"22/12/2024";"05:12:00";"40";"Sem vítima";"431,000";"BR-153/GO";"Decrescente";"Saída de pista";0;0;1;0;0;1;0;0;0;0;4;0;0;0;0
"22/12/2024";"15:57:00";"199";"Sem vítima";"436,800";"BR-153/GO";"Decrescente";"Colisão traseira";0;0;0;1;0;0;0;0;0;1;3;0;0;0;0
"22/12/2024";"16:10:00";"203";"Sem vítima";"678,850";"BR-153/TO";"Crescente";"Saída de pista";0;0;0;0;0;2;0;0;0;0;2;0;0;0;0
"22/12/2024";"20:01:00";"254";"Com vítima";"309,949";"BR-153/GO";"Decrescente";"Colisão frontal";2;0;0;0;0;1;0;0;0;0;1;3;0;1;0
"22/12/2024";"20:43:00";"262";"Com vítima";"327,000";"BR-414/GO";"Decrescente";"Atropelamento de animal";1;0;0;0;0;0;0;0;0;0;1;0;0;0;0
"23/12/2024";"03:18:00";"21";"Sem vítima";"33,500";"BR-153/GO";"Decrescente";"Atropelamento de animal";1;0;0;0;0;0;0;0;0;0;4;0;0;0;0
"23/12/2024";"05:51:00";"34";"Sem vítima";"681,288";"BR-153/TO";"Decrescente";"Saída de pista";1;0;0;0;0;0;0;0;0;0;1;0;0;0;0
"23/12/2024";"11:26:00";"112";"Sem vítima";"284,290";"BR-153/GO";"Crescente";"Colisão traseira";2;0;0;0;0;0;0;0;0;0;6;0;0;0;0
"23/12/2024";"17:14:00";"189";"Sem vítima";"98,000";"BR-080/GO";"Crescente";"Atropelamento de animal";1;0;0;0;0;0;0;0;0;0;2;0;0;0;0
"23/12/2024";"19:56:00";"210";"Sem vítima";"435,950";"BR-153/GO";"Decrescente";"Queda de moto";0;0;0;1;0;0;0;0;0;0;1;0;0;0;0
"23/12/2024";"20:52:00";"218";"Sem vítima";"379,500";"BR-153/GO";"Crescente";"Saída de pista";1;0;0;0;0;0;0;0;0;0;4;0;0;0;0
"23/12/2024";"21:30:00";"225";"Com vítima";"299,000";"BR-153/GO";"Decrescente";"Colisão traseira";0;0;1;1;0;0;0;0;0;0;1;0;1;0;0
"23/12/2024";"23:00:00";"234";"Com vítima";"306,500";"BR-414/GO";"Decrescente";"Colisão frontal";1;0;1;0;0;0;0;0;0;0;0;1;0;0;1
"24/12/2024";"01:33:00";"17";"Com vítima";"131,800";"BR-080/GO";"Decrescente";"Capotamento";1;0;0;0;0;0;0;0;0;0;1;1;0;0;0
"24/12/2024";"14:21:00";"141";"Sem vítima";"413,000";"BR-153/GO";"Decrescente";"Saída de pista";1;0;0;0;0;0;0;0;0;0;4;0;0;0;0
"24/12/2024";"16:37:00";"179";"Sem vítima";"349,400";"BR-153/GO";"Crescente";"Saída de pista";1;0;0;0;0;0;0;0;0;0;4;0;0;0;0
"24/12/2024";"18:49:00";"204";"Sem vítima";"198,500";"BR-153/GO";"Decrescente";"Colisão traseira";2;0;0;0;0;0;0;0;0;0;2;0;0;0;0
"24/12/2024";"19:24:00";"216";"Sem vítima";"185,589";"BR-153/GO";"Decrescente";"Saída de pista";1;0;0;0;0;0;0;0;0;0;1;0;0;0;0
"24/12/2024";"22:13:00";"244";"Com vítima";"425,900";"BR-153/GO";"Decrescente";"Colisão traseira";0;0;0;0;0;0;0;0;0;2;1;1;0;0;0