data;horario;n_da_ocorrencia;tipo_de_ocorrencia;km;trecho;sentido;tipo_de_acidente;automovel;bicicleta;caminhao;moto;onibus;outros;tracao_animal;transporte_de_cargas_especiais;trator_maquinas;utilitarios;ilesos;levemente_feridos;moderadamente_feridos;gravemente_feridos;mortos
"10/04/2025";"19:39:00";"152";"Sem vítima";"60,698";"BR-153/GO";"Crescente";"Colisão frontal";0;0;0;0;0;2;0;0;0;0;2;0;0;0;0
"11/04/2025";"10:27:00";"84";"Sem vítima";"422,725";"BR-414/GO";"Decrescente";"Saída de pista";0;0;0;1;0;0;0;0;0;0;1;0;0;0;0
"11/04/2025";"12:32:00";"112";"Sem vítima";"434,000";"BR-153/GO";"Crescente";"Capotamento";1;0;0;0;0;0;0;0;0;0;1;0;0;0;0
"11/04/2025";"14:59:00";"129";"Com vítima";"676,900";"BR-153/TO";"Decrescente";"Colisão traseira";1;0;0;1;0;0;0;0;0;0;0;4;0;0;0
"11/04/2025";"17:29:00";"165";"Sem vítima";"356,000";"BR-153/GO";"Crescente";"Colisão lateral em sentido contrário";2;0;0;0;0;0;0;0;0;0;6;0;0;0;0
"12/04/2025";"04:00:00";"18";"Com vítima";"350,900";"BR-153/GO";"Crescente";"Colisão traseira";1;0;0;0;0;1;0;0;0;0;1;0;0;1;0
"12/04/2025";"05:36:00";"31";"Sem vítima";"47,555";"BR-153/GO";"Crescente";"Saída de pista";0;0;0;0;0;1;0;0;0;0;1;0;0;0;0
"12/04/2025";"07:32:00";"48";"Sem vítima";"130,500";"BR-153/GO";"Crescente";"Saída de pista";1;0;0;0;0;0;0;0;0;0;1;0;0;0;0
"12/04/2025";"08:57:00";"67";"Sem vítima";"375,000";"BR-153/GO";"Decrescente";"Colisão traseira";0;0;1;0;0;1;0;0;0;0;2;0;0;0;0
"12/04/2025";"14:15:00";"128";"Com vítima";"106,790";"BR-153/GO";"Crescente";"Atropelamento de ciclista";0;1;0;0;0;1;0;0;0;0;1;0;0;0;0
"12/04/2025";"14:37:00";"133";"Com vítima";"439,410";"BR-414/GO";"Crescente";"Colisão transversal";2;0;0;0;0;0;0;0;0;0;0;3;2;0;0
"12/04/2025";"18:43:00";"177";"Sem vítima";"722,000";"BR-153/TO";"Decrescente";"Colisão traseira";0;0;2;0;0;0;0;0;0;0;2;0;0;0;0
"12/04/2025";"20:06:00";"195";"Sem vítima";"708,000";"BR-153/TO";"Decrescente";"Choque";2;0;0;0;0;0;0;0;0;0;5;0;0;0;0
"13/04/2025";"00:55:00";"4";"Com vítima";"144,144";"BR-080/GO";"Decrescente";"Atropelamento de animal";1;0;0;0;0;0;0;0;0;0;4;0;0;0;0
"13/04/2025";"11:08:00";"85";"Sem vítima";"439,500";"BR-153/GO";"Crescente";"Choque";0;0;0;0;0;1;0;0;0;0;1;0;0;0;0
"13/04/2025";"15:27:00";"144";"Sem vítima";"706,400";"BR-153/TO";"Decrescente";"Colisão traseira";1;0;0;0;0;0;0;0;0;1;3;0;0;0;0
"13/04/2025";"22:51:00";"200";"Sem vítima";"434,055";"BR-153/GO";"Decrescente";"Saída de pista";1;0;0;0;0;0;0;0;0;0;1;0;0;0;0
"14/04/2025";"00:35:00";"5";"Com vítima";"206,880";"BR-153/GO";"Crescente";"Capotamento";1;0;0;0;0;0;0;0;0;0;1;4;0;0;0
"14/04/2025";"03:00:00";"14";"Sem vítima";"340,900";"BR-153/GO";"Decrescente";"Atropelamento de animal";0;0;0;0;1;0;0;0;0;0;39;0;0;0;0
"14/04/2025";"13:55:00";"106";"Sem vítima";"211,900";"BR-153/GO";"Decrescente";"Colisão traseira";2;0;0;0;0;0;0;0;0;0;5;0;0;0;0
"14/04/2025";"23:00:00";"190";"Sem vítima";"65,000";"BR-153/GO";"Decrescente";"Atropelamento de animal";1;0;0;0;0;0;0;0;0;0;1;0;0;0;0
"15/04/2025";"11:11:00";"92";"Sem vítima";"51,300";"BR-153/GO";"Decrescente";"Saída de pista";1;0;0;0;0;0;0;0;0;0;2;0;0;0;0
"15/04/2025";"11:58:00";"103";"Sem vítima";"132,000";"BR-153/GO";"Crescente";"Colisão lateral em sentido contrário";1;0;1;0;0;0;0;0;0;0;2;0;0;0;0
"15/04/2025";"14:38:00";"129";"Sem vítima";"284,700";"BR-153/GO";"Decrescente";"Saída de pista";1;0;0;0;0;0;0;0;0;0;1;0;0;0;0
"15/04/2025";"16:01:00";"137";"Sem vítima";"678,000";"BR-153/TO";"Decrescente";"Queda de bicicleta";0;1;0;0;0;0;0;0;0;0;0;0;0;0;0
"16/04/2025";"08:28:00";"74";"Sem vítima";"670,000";"BR-153/TO";"Decrescente";"Colisão traseira";0;0;0;0;1;0;0;0;0;1;4;0;0;0;0
"16/04/2025";"12:50:00";"113";"Sem vítima";"287,000";"BR-153/GO";"Crescente";"Saída de pista";1;0;0;0;0;0;0;0;0;0;1;0;0;0;0
"16/04/2025";"18:58:00";"196";"Sem vítima";"707,800";"BR-153/TO";"Decrescente";"Colisão traseira";1;0;0;0;0;0;0;0;0;1;5;0;0;0;0
"17/04/2025";"06:39:00";"34";"Sem vítima";"53,200";"BR-153/GO";"Crescente";"Saída de pista";0;0;0;0;0;1;0;0;0;0;1;0;0;0;0
"17/04/2025";"11:39:00";"91";"Sem vítima";"285,950";"BR-153/GO";"Crescente";"Colisão traseira";1;0;0;0;0;1;0;0;0;0;3;0;0;0;0
"17/04/2025";"15:06:00";"131";"Sem vítima";"364,000";"BR-414/GO";"Decrescente";"Colisão traseira";2;0;0;0;0;0;0;0;0;0;5;0;0;0;0
"17/04/2025";"18:00:00";"167";"Sem vítima";"168,500";"BR-153/GO";"Crescente";"Colisão traseira";0;0;1;0;0;1;0;0;0;0;2;0;0;0;0
"17/04/2025";"19:36:00";"187";"Sem vítima";"440,000";"BR-414/GO";"Crescente";"Colisão transversal";0;0;1;0;0;0;0;0;0;1;3;0;0;0;0
"18/04/2025";"13:04:00";"125";"Sem vítima";"133,003";"BR-080/GO";"Decrescente";"Saída de pista";0;0;0;0;0;1;0;0;0;1;2;0;0;0;0
"19/04/2025";"05:20:00";"18";"Sem vítima";"138,600";"BR-080/GO";"Decrescente";"Saída de pista";1;0;0;0;0;0;0;0;0;0;2;0;0;0;0
"19/04/2025";"06:57:00";"35";"Com vítima";"422,000";"BR-414/GO";"Decrescente";"Colisão frontal";1;0;0;0;0;0;0;0;0;1;2;0;4;1;1
"19/04/2025";"07:31:00";"40";"Sem vítima";"436,020";"BR-153/GO";"Crescente";"Queda de moto";0;0;0;1;0;0;0;0;0;0;1;0;0;0;0
"19/04/2025";"08:09:00";"54";"Sem vítima";"85,500";"BR-153/GO";"Decrescente";"Saída de pista";0;0;0;0;0;1;0;0;0;0;1;0;0;0;0
"19/04/2025";"15:27:00";"127";"Sem vítima";"640,000";"BR-153/TO";"Decrescente";"Colisão traseira";1;0;0;0;1;0;0;0;0;0;45;0;0;0;0
"19/04/2025";"19:10:00";"162";"Com vítima";"680,100";"BR-153/TO";"Crescente";"Colisão traseira";2;0;0;0;0;0;0;0;0;0;2;2;0;0;0
"19/04/2025";"22:52:00";"190";"Com vítima";"343,000";"BR-414/GO";"Crescente";"Atropelamento de animal";1;0;0;0;0;0;0;0;0;0;4;0;0;0;0
"20/04/2025";"01:47:00";"10";"Sem vítima";"309,100";"BR-153/GO";"Decrescente";"Tombamento";0;0;1;0;0;0;0;0;0;0;1;0;0;0;0
"20/04/2025";"05:41:00";"25";"Sem vítima";"29,526";"BR-153/GO";"Decrescente";"Colisão lateral em sentido contrário";0;0;0;0;0;2;0;0;0;0;3;0;0;0;0
"20/04/2025";"09:31:00";"57";"Sem vítima";"355,945";"BR-153/GO";"Crescente";"Colisão transversal";2;0;0;0;0;0;0;0;0;0;6;0;0;0;0
"20/04/2025";"10:14:00";"65";"Com vítima";"383,000";"BR-414/GO";"Crescente";"Colisão traseira";1;0;0;1;0;0;0;0;0;0;3;0;1;0;0
"20/04/2025";"10:22:00";"67";"Com vítima";"439,000";"BR-414/GO";"Crescente";"Colisão lateral no mesmo sentido";1;0;0;1;0;0;0;0;0;0;1;0;1;0;0
"20/04/2025";"15:42:00";"121";"Com vítima";"411,000";"BR-414/GO";"Crescente";"Atropelamento de pedestre";1;0;0;0;0;0;0;0;0;0;1;1;0;0;0
"20/04/2025";"22:29:00";"192";"Sem vítima";"370,500";"BR-153/GO";"Decrescente";"Saída de pista";1;0;0;0;0;0;0;0;0;0;3;0;0;0;0
"21/04/2025";"01:00:00";"7";"Com vítima";"320,600";"BR-153/GO";"Crescente";"Capotamento";0;0;0;0;0;0;0;0;0;1;0;1;0;0;0
"21/04/2025";"10:20:00";"75";"Sem vítima";"160,000";"BR-153/GO";"Decrescente";"Colisão lateral no mesmo sentido";1;0;0;0;0;1;0;0;0;0;3;0;0;0;0
"21/04/2025";"16:14:00";"166";"Com vítima";"364,000";"BR-153/GO";"Crescente";"Engavetamento";3;0;0;0;0;0;0;0;0;0;3;1;0;0;0
"21/04/2025";"17:36:00";"194";"Sem vítima";"360,000";"BR-153/GO";"Decrescente";"Colisão traseira";1;0;0;0;0;1;0;0;0;0;6;0;0;0;0
"21/04/2025";"17:47:00";"196";"Sem vítima";"428,000";"BR-153/GO";"Decrescente";"Choque";1;0;0;0;0;0;0;0;0;0;2;0;0;0;0
"21/04/2025";"18:16:00";"205";"Com vítima";"356,500";"BR-153/GO";"Decrescente";"Engavetamento";2;0;0;0;0;1;0;0;0;0;2;1;0;0;0
"21/04/2025";"21:08:00";"237";"Com vítima";"156,980";"BR-153/GO";"Crescente";"Queda de moto";0;0;0;1;0;0;0;0;0;0;1;1;0;0;0
"21/04/2025";"21:08:00";"238";"Com vítima";"101,500";"BR-080/GO";"Crescente";"Colisão traseira";0;0;0;1;0;0;0;0;0;1;2;0;1;0;0
"21/04/2025";"21:27:00";"239";"Com vítima";"685,300";"BR-153/TO";"Crescente";"Queda de moto";0;0;0;1;0;0;0;0;0;0;1;1;0;0;0
"22/04/2025";"00:29:00";"6";"Sem vítima";"298,600";"BR-153/GO";"Decrescente";"Saída de pista";1;0;0;0;0;0;0;0;0;0;1;0;0;0;0
"22/04/2025";"13:41:00";"126";"Com vítima";"440,100";"BR-414/GO";"Decrescente";"Colisão lateral no mesmo sentido";0;0;1;1;0;0;0;0;0;0;1;1;0;0;0
"22/04/2025";"18:38:00";"172";"Sem vítima";"437,000";"BR-153/GO";"Decrescente";"Colisão lateral no mesmo sentido";1;0;0;0;0;1;0;0;0;0;2;0;0;0;0
"23/04/2025";"12:05:00";"111";"Com vítima";"703,000";"BR-153/TO";"Decrescente";"Colisão traseira";0;0;0;1;1;0;0;0;0;0;1;1;0;0;0
"23/04/2025";"19:28:00";"184";"Com vítima";"750,837";"BR-153/TO";"Decrescente";"Colisão transversal";1;0;0;0;0;1;0;0;0;0;1;1;0;0;0
"24/04/2025";"06:58:00";"30";"Com vítima";"136,300";"BR-080/GO";"Decrescente";"Capotamento";1;0;0;0;0;0;0;0;0;0;0;2;0;0;0
"24/04/2025";"09:37:00";"58";"Sem vítima";"172,000";"BR-153/GO";"Crescente";"Colisão traseira";0;0;0;0;0;2;0;0;0;0;2;0;0;0;0
"24/04/2025";"16:56:00";"115";"Com vítima";"669,000";"BR-153/TO";"Crescente";"Atropelamento de animal";1;0;0;0;0;0;0;0;0;0;4;0;0;0;0
"24/04/2025";"17:23:00";"122";"Com vítima";"375,000";"BR-153/GO";"Decrescente";"Choque";0;0;0;1;0;0;0;0;0;0;0;1;0;0;0
"25/04/2025";"05:19:00";"24";"Sem vítima";"51,050";"BR-153/GO";"Crescente";"Atropelamento de animal";0;0;0;0;0;0;0;0;0;1;1;0;0;0;0
"25/04/2025";"09:51:00";"72";"Sem vítima";"8,850";"BR-153/GO";"Crescente";"Saída de pista";0;0;0;0;0;0;0;0;0;1;5;0;0;0;0
"25/04/2025";"10:42:00";"80";"Sem vítima";"350,900";"BR-153/GO";"Crescente";"Colisão traseira";0;0;0;0;0;2;0;0;0;0;2;0;0;0;0
"25/04/2025";"11:56:00";"93";"Sem vítima";"223,270";"BR-153/GO";"Decrescente";"Saída de pista";0;0;0;0;0;0;0;0;0;1;2;0;0;0;0
"25/04/2025";"13:32:00";"104";"Sem vítima";"433,000";"BR-153/GO";"Crescente";"Choque";1;0;0;0;0;0;0;0;0;0;1;0;0;0;0
"25/04/2025";"17:26:00";"153";"Sem vítima";"403,000";"BR-414/GO";"Decrescente";"Saída de pista";1;0;0;0;0;0;0;0;0;0;4;0;0;0;0
"25/04/2025";"21:15:00";"181";"Com vítima";"382,180";"BR-414/GO";"Crescente";"Colisão frontal";2;0;0;0;0;0;0;0;0;0;0;0;3;1;2
"26/04/2025";"07:33:00";"52";"Sem vítima";"131,000";"BR-153/GO";"Decrescente";"Colisão traseira";0;0;1;0;0;1;0;0;0;0;3;0;0;0;0
"26/04/2025";"10:54:00";"95";"Sem vítima";"155,200";"BR-153/GO";"Crescente";"Atropelamento de animal";1;0;0;0;0;0;0;0;0;0;2;0;0;0;0
"26/04/2025";"13:49:00";"129";"Com vítima";"439,300";"BR-153/GO";"Crescente";"Colisão traseira";2;0;0;1;0;0;0;0;0;0;3;0;1;0;0
"26/04/2025";"19:05:00";"189";"Com vítima";"679,607";"BR-153/TO";"Crescente";"Tombamento";0;0;1;0;0;1;0;0;0;0;1;0;1;0;0
"26/04/2025";"19:19:00";"191";"Sem vítima";"170,985";"BR-153/GO";"Decrescente";"Saída de pista";1;0;0;0;0;0;0;0;0;0;1;0;0;0;0
"26/04/2025";"19:27:00";"192";"Sem vítima";"763,900";"BR-153/TO";"Crescente";"Colisão lateral em sentido contrário";1;0;1;0;0;0;0;0;0;0;2;0;0;0;0
"26/04/2025";"21:32:00";"207";"Sem vítima";"346,740";"BR-153/GO";"Decrescente";"Atropelamento de animal";1;0;0;0;0;0;0;0;0;0;3;0;0;0;0
"27/04/2025";"10:39:00";"88";"Sem vítima";"67,000";"BR-153/GO";"Crescente";"Engavetamento";1;0;0;0;0;2;0;0;0;0;5;0;0;0;0
"27/04/2025";"12:21:00";"108";"Com vítima";"676,400";"BR-153/TO";"Decrescente";"Tombamento";0;0;0;0;0;1;0;0;0;0;1;0;0;0;0
"27/04/2025";"22:10:00";"197";"Sem vítima";"692,139";"BR-153/TO";"Decrescente";"Atropelamento de animal";1;0;0;0;0;0;0;0;0;0;3;0;0;0;0
"28/04/2025";"12:00:00";"98";"Sem vítima";"63,500";"BR-153/GO";"Decrescente";"Tombamento";0;0;0;0;0;1;0;0;0;0;1;0;0;0;0
"28/04/2025";"14:56:00";"122";"Sem vítima";"743,200";"BR-153/TO";"Crescente";"Tombamento";1;0;0;0;0;0;0;0;0;0;1;0;0;0;0
"28/04/2025";"20:23:00";"170";"Com vítima";"174,040";"BR-153/GO";"Crescente";"Colisão transversal";2;0;0;0;0;0;0;0;0;0;3;0;1;0;0
"29/04/2025";"04:23:00";"15";"Sem vítima";"321,330";"BR-153/GO";"Decrescente";"Saída de pista";0;0;0;0;0;0;0;0;0;1;1;0;0;0;0
"29/04/2025";"06:01:00";"31";"Com vítima";"123,500";"BR-080/GO";"Crescente";"Colisão transversal";0;0;0;0;0;1;0;0;0;1;2;0;1;2;0
"29/04/2025";"06:29:00";"33";"Com vítima";"109,500";"BR-153/GO";"Crescente";"Queda de moto";0;0;0;1;0;0;0;0;0;0;0;2;0;0;0
"29/04/2025";"08:32:00";"52";"Sem vítima";"356,250";"BR-153/GO";"Crescente";"Colisão transversal";0;0;0;0;0;0;0;0;0;2;4;0;0;0;0
"29/04/2025";"17:26:00";"152";"Sem vítima";"406,700";"BR-414/GO";"Crescente";"Saída de pista";0;0;0;0;0;1;0;0;0;1;3;0;0;0;0
"29/04/2025";"21:53:00";"180";"Com vítima";"741,500";"BR-153/TO";"Decrescente";"Atropelamento de animal";1;0;0;0;0;0;0;0;0;0;2;0;0;0;0
"30/04/2025";"05:26:00";"23";"Sem vítima";"342,000";"BR-153/GO";"Decrescente";"Saída de pista";1;0;0;0;0;0;0;0;0;0;1;0;0;0;0
"30/04/2025";"10:01:00";"75";"Com vítima";"437,000";"BR-153/GO";"Decrescente";"Colisão traseira";1;0;0;1;0;0;0;0;0;0;1;1;0;0;0
"30/04/2025";"12:51:00";"99";"Sem vítima";"182,000";"BR-153/GO";"Decrescente";"Colisão traseira";1;0;1;0;0;0;0;0;0;0;6;0;0;0;0
"30/04/2025";"18:11:00";"158";"Sem vítima";"403,000";"BR-153/GO";"Crescente";"Queda de moto";0;0;0;1;0;0;0;0;0;0;2;0;0;0;0
"30/04/2025";"19:49:00";"175";"Sem vítima";"421,700";"BR-153/GO";"Decrescente";"Choque";0;0;0;0;0;0;0;0;0;2;7;0;0;0;0
"02/05/2025";"12:22:00";"102";"Sem vítima";"349,900";"BR-153/GO";"Crescente";"Engavetamento";0;0;0;0;0;3;0;0;0;0;3;0;0;0;0
"02/05/2025";"14:52:00";"113";"Sem vítima";"184,000";"BR-153/GO";"Decrescente";"Colisão traseira";1;0;0;0;0;0;0;0;0;1;6;0;0;0;0
"02/05/2025";"15:37:00";"122";"Com vítima";"173,400";"BR-153/GO";"Crescente";"Colisão transversal";0;0;0;1;0;0;0;0;0;1;2;1;0;0;0
"02/05/2025";"19:34:00";"166";"Sem vítima";"440,001";"BR-414/GO";"Crescente";"Colisão traseira";0;0;0;1;0;1;0;0;0;0;3;0;0;0;0
"03/05/2025";"06:42:00";"27";"Sem vítima";"258,500";"BR-153/GO";"Decrescente";"Saída de pista";1;0;0;0;0;0;0;0;0;0;1;0;0;0;0
"03/05/2025";"13:21:00";"88";"Sem vítima";"252,000";"BR-153/GO";"Crescente";"Saída de pista";1;0;0;0;0;0;0;0;0;0;3;0;0;0;0
"03/05/2025";"19:26:00";"148";"Sem vítima";"211,000";"BR-153/GO";"Crescente";"Saída de pista";1;0;0;0;0;0;0;0;0;0;2;0;0;0;0
"04/05/2025";"16:08:00";"151";"Sem vítima";"727,337";"BR-153/TO";"Crescente";"Saída de pista";1;0;0;0;0;0;0;0;0;0;3;0;0;0;0
"04/05/2025";"19:09:00";"186";"Sem vítima";"374,000";"BR-414/GO";"Crescente";"Atropelamento de animal";0;0;0;0;0;0;0;0;0;1;4;0;0;0;0
"04/05/2025";"21:07:00";"198";"Com vítima";"437,000";"BR-153/GO";"Crescente";"Saída de pista";0;0;0;1;0;0;0;0;0;0;0;1;0;0;0
"04/05/2025";"23:53:00";"209";"Sem vítima";"419,100";"BR-153/GO";"Crescente";"Atropelamento de animal";0;0;0;0;0;0;0;0;0;1;1;0;0;0;0
"05/05/2025";"10:02:00";"77";"Com vítima";"357,647";"BR-414/GO";"Decrescente";"Colisão frontal";1;0;0;0;0;1;0;0;0;0;0;1;0;0;1
"05/05/2025";"16:08:00";"130";"Sem vítima";"129,000";"BR-153/GO";"Crescente";"Saída de pista";0;0;0;0;0;1;0;0;0;0;1;0;0;0;0
"05/05/2025";"18:56:00";"159";"Sem vítima";"200,050";"BR-153/GO";"Crescente";"Colisão transversal";2;0;0;0;0;0;0;0;0;0;2;0;0;0;0
"06/05/2025";"04:41:00";"17";"Sem vítima";"284,754";"BR-153/GO";"Crescente";"Choque";1;0;0;0;0;0;0;0;0;0;3;0;0;0;0
"06/05/2025";"18:09:00";"148";"Com vítima";"340,391";"BR-153/GO";"Decrescente";"Saída de pista";0;0;0;0;0;1;0;0;0;0;0;0;1;0;0
"06/05/2025";"18:25:00";"150";"Sem vítima";"197,950";"BR-153/GO";"Decrescente";"Colisão transversal";1;0;0;0;0;0;0;0;0;1;3;0;0;0;0
"07/05/2025";"09:31:00";"58";"Com vítima";"290,300";"BR-153/GO";"Decrescente";"Capotamento";1;0;0;0;0;1;0;0;0;0;2;0;2;0;0
"08/05/2025";"07:55:00";"46";"Com vítima";"438,500";"BR-153/GO";"Crescente";"Colisão lateral no mesmo sentido";1;0;0;1;0;0;0;0;0;0;1;1;0;0;0
"08/05/2025";"08:25:00";"51";"Com vítima";"654,900";"BR-153/TO";"Decrescente";"Queda de moto";0;0;0;1;0;0;0;0;0;0;0;0;1;0;0
"08/05/2025";"10:27:00";"79";"Com vítima";"303,500";"BR-414/GO";"Decrescente";"Queda de moto";0;0;0;1;0;0;0;0;0;0;0;0;1;0;0
"08/05/2025";"11:50:00";"96";"Sem vítima";"107,800";"BR-153/GO";"Crescente";"Colisão lateral em sentido contrário";0;0;0;0;0;1;0;0;0;1;2;0;0;0;0
"08/05/2025";"13:56:00";"114";"Com vítima";"437,000";"BR-153/GO";"Decrescente";"Queda de moto";0;0;0;2;0;0;0;0;0;0;1;0;1;0;0
"08/05/2025";"19:21:00";"173";"Sem vítima";"24,300";"BR-153/GO";"Crescente";"Colisão transversal";1;0;0;0;0;1;0;0;0;0;2;0;0;0;0
"09/05/2025";"07:36:00";"53";"Sem vítima";"438,000";"BR-153/GO";"Crescente";"Colisão traseira";2;0;0;0;0;0;0;0;0;0;3;0;0;0;0
"09/05/2025";"12:31:00";"134";"Sem vítima";"640,000";"BR-153/TO";"Crescente";"Colisão traseira";1;0;0;0;0;1;0;0;0;0;6;0;0;0;0
"09/05/2025";"19:07:00";"195";"Com vítima";"315,100";"BR-414/GO";"Crescente";"Atropelamento de animal";1;0;0;0;0;0;0;0;0;0;5;0;0;0;0
"09/05/2025";"19:32:00";"201";"Sem vítima";"278,400";"BR-153/GO";"Decrescente";"Atropelamento de animal";1;0;0;0;0;0;0;0;0;0;1;0;0;0;0
"09/05/2025";"20:28:00";"209";"Sem vítima";"395,500";"BR-153/GO";"Decrescente";"Colisão traseira";1;0;0;0;0;0;0;0;0;1;2;0;0;0;0
"09/05/2025";"20:47:00";"212";"Sem vítima";"668,510";"BR-153/TO";"Decrescente";"Colisão transversal";2;0;0;0;0;0;0;0;0;0;2;0;0;0;0
"09/05/2025";"23:15:00";"229";"Com vítima";"308,241";"BR-414/GO";"Decrescente";"Atropelamento de animal";1;0;0;0;0;0;0;0;0;0;1;0;0;0;0
"10/05/2025";"02:42:00";"12";"Com vítima";"425,613";"BR-153/GO";"Crescente";"Saída de pista";1;0;0;0;0;0;0;0;0;0;1;1;0;0;0
"10/05/2025";"04:22:00";"23";"Sem vítima";"437,500";"BR-153/GO";"Crescente";"Queda de moto";1;0;0;0;0;0;0;0;0;0;2;0;0;0;0
"10/05/2025";"19:34:00";"174";"Sem vítima";"410,275";"BR-414/GO";"Decrescente";"Colisão transversal";1;0;0;0;0;1;0;0;0;0;4;0;0;0;0
"10/05/2025";"21:10:00";"180";"Sem vítima";"297,950";"BR-153/GO";"Crescente";"Colisão transversal";1;0;0;0;0;1;0;0;0;0;3;0;0;0;0
"11/05/2025";"01:40:00";"7";"Com vítima";"432,355";"BR-153/GO";"Crescente";"Colisão traseira";1;0;0;0;0;0;0;0;0;1;3;0;1;0;0
"11/05/2025";"08:49:00";"59";"Sem vítima";"290,462";"BR-153/GO";"Decrescente";"Colisão traseira";0;0;0;0;0;2;0;0;0;0;2;0;0;0;0
"11/05/2025";"20:49:00";"176";"Com vítima";"389,400";"BR-414/GO";"Crescente";"Colisão frontal";1;0;0;0;0;1;0;0;0;0;1;0;0;0;1
"11/05/2025";"20:59:00";"178";"Sem vítima";"365,000";"BR-414/GO";"Crescente";"Saída de pista";1;0;0;0;0;0;0;0;0;0;2;0;0;0;0
"12/05/2025";"05:14:00";"18";"Sem vítima";"434,000";"BR-153/GO";"Crescente";"Saída de pista";1;0;0;0;0;0;0;0;0;0;1;0;0;0;0
"12/05/2025";"10:01:00";"83";"Sem vítima";"242,900";"BR-153/GO";"Decrescente";"Colisão transversal";1;0;0;0;0;0;0;0;0;1;2;0;0;0;0
"12/05/2025";"13:01:00";"125";"Com vítima";"418,000";"BR-414/GO";"Decrescente";"Colisão frontal";3;0;0;0;0;1;0;0;0;0;6;0;1;1;0
"12/05/2025";"13:36:00";"129";"Sem vítima";"173,562";"BR-153/GO";"Crescente";"Tombamento";0;0;1;0;0;0;0;0;0;0;1;0;0;0;0
"12/05/2025";"15:24:00";"144";"Sem vítima";"199,700";"BR-153/GO";"Decrescente";"Engavetamento";1;0;0;0;0;1;0;0;0;1;6;0;0;0;0
"12/05/2025";"17:32:00";"166";"Sem vítima";"283,800";"BR-153/GO";"Decrescente";"Colisão traseira";0;0;0;1;0;1;0;0;0;0;2;0;0;0;0
"12/05/2025";"17:48:00";"169";"Com vítima";"436,700";"BR-414/GO";"Decrescente";"Colisão lateral em sentido contrário";2;0;0;0;0;0;0;0;0;0;0;2;0;0;0
"13/05/2025";"05:37:00";"33";"Com vítima";"364,487";"BR-153/GO";"Decrescente";"Colisão frontal";1;0;0;0;0;0;0;0;0;1;3;0;0;0;1
"13/05/2025";"11:47:00";"95";"Sem vítima";"356,500";"BR-414/GO";"Crescente";"Saída de pista";1;0;0;0;0;0;0;0;0;0;1;0;0;0;0
"13/05/2025";"13:55:00";"108";"Sem vítima";"374,000";"BR-153/GO";"Decrescente";"Engavetamento";2;0;0;0;0;1;0;0;0;0;3;0;0;0;0
"13/05/2025";"14:29:00";"112";"Sem vítima";"721,000";"BR-153/TO";"Crescente";"Colisão lateral em sentido contrário";0;0;1;0;0;1;0;0;0;0;2;0;0;0;0
"13/05/2025";"17:06:00";"143";"Com vítima";"435,000";"BR-414/GO";"Decrescente";"Colisão transversal";0;0;1;1;0;0;0;0;0;0;2;1;1;0;0
"13/05/2025";"20:06:00";"166";"Sem vítima";"624,572";"BR-153/TO";"Crescente";"Atropelamento de ciclista";0;1;0;0;0;1;0;0;0;0;1;0;0;0;0
"13/05/2025";"22:01:00";"178";"Com vítima";"246,541";"BR-153/GO";"Decrescente";"Atropelamento de ciclista";0;1;1;0;0;0;0;0;0;0;1;0;0;0;0
"14/05/2025";"08:36:00";"49";"Sem vítima";"166,000";"BR-153/GO";"Decrescente";"Colisão lateral no mesmo sentido";0;0;0;0;0;1;0;0;0;1;6;0;0;0;0
"14/05/2025";"12:51:00";"106";"Sem vítima";"95,400";"BR-153/GO";"Decrescente";"Saída de pista";0;0;0;0;0;1;0;0;0;1;2;0;0;0;0
"14/05/2025";"16:15:00";"135";"Sem vítima";"289,000";"BR-153/GO";"Crescente";"Colisão traseira";1;0;0;0;0;0;0;0;0;0;1;0;0;0;0
"14/05/2025";"19:47:00";"180";"Com vítima";"217,985";"BR-153/GO";"Crescente";"Atropelamento de animal";0;0;0;0;0;0;0;0;0;1;11;1;0;0;0
"14/05/2025";"20:00:00";"183";"Com vítima";"215,985";"BR-153/GO";"Decrescente";"Atropelamento de animal";1;0;0;0;0;0;0;0;0;0;1;0;0;0;0
"15/05/2025";"03:42:00";"14";"Sem vítima";"648,300";"BR-153/TO";"Crescente";"Atropelamento de animal";1;0;0;0;0;0;0;0;0;0;1;0;0;0;0