data;horario;n_da_ocorrencia;tipo_de_ocorrencia;km;trecho;sentido;tipo_de_acidente;automovel;bicicleta;caminhao;moto;onibus;outros;tracao_animal;transporte_de_cargas_especiais;trator_maquinas;utilitarios;ilesos;levemente_feridos;moderadamente_feridos;gravemente_feridos;mortos
"15/05/2025";"03:56:00";"16";"Sem vítima";"441,300";"BR-153/GO";"Decrescente";"Saída de pista";1;0;0;0;0;0;0;0;0;0;2;0;0;0;0
"15/05/2025";"10:16:00";"77";"Sem vítima";"278,200";"BR-153/GO";"Crescente";"Colisão lateral no mesmo sentido";1;0;0;0;0;1;0;0;0;0;3;0;0;0;0
"15/05/2025";"11:56:00";"90";"Sem vítima";"412,000";"BR-153/GO";"Crescente";"Colisão lateral no mesmo sentido";0;0;1;0;0;1;0;0;0;0;2;0;0;0;0
"15/05/2025";"17:10:00";"140";"Com vítima";"439,500";"BR-414/GO";"Decrescente";"Colisão frontal";1;0;0;1;0;0;0;0;0;0;1;1;0;0;0
"15/05/2025";"19:07:00";"159";"Com vítima";"694,900";"BR-153/TO";"Crescente";"Colisão transversal";1;0;0;0;0;1;0;0;0;0;1;0;0;1;0
"16/05/2025";"08:39:00";"49";"Sem vítima";"354,000";"BR-153/GO";"Crescente";"Colisão traseira";2;0;0;0;0;0;0;0;0;0;6;0;0;0;0
"16/05/2025";"09:37:00";"59";"Sem vítima";"336,000";"BR-153/GO";"Decrescente";"Colisão lateral no mesmo sentido";1;0;0;0;0;1;0;0;0;0;3;0;0;0;0
"16/05/2025";"10:17:00";"66";"Com vítima";"440,100";"BR-414/GO";"Crescente";"Atropelamento de animal";0;0;0;1;0;0;0;0;0;0;1;0;1;0;0
"16/05/2025";"10:25:00";"69";"Sem vítima";"437,000";"BR-153/GO";"Crescente";"Engavetamento";1;0;0;0;0;0;0;0;0;2;4;0;0;0;0
"16/05/2025";"20:04:00";"174";"Com vítima";"87,500";"BR-153/GO";"Decrescente";"Queda de moto";0;0;0;1;0;0;0;0;0;0;0;0;1;0;0
"16/05/2025";"21:12:00";"180";"Sem vítima";"280,400";"BR-153/GO";"Crescente";"Colisão traseira";1;0;1;0;0;0;0;0;0;0;4;0;0;0;0
"17/05/2025";"03:57:00";"13";"Sem vítima";"335,600";"BR-153/GO";"Decrescente";"Saída de pista";0;0;0;0;0;1;0;0;0;0;1;0;0;0;0
"17/05/2025";"09:27:00";"61";"Com vítima";"184,900";"BR-153/GO";"Decrescente";"Colisão transversal";0;0;0;1;1;0;0;0;0;0;51;2;0;0;2
"17/05/2025";"18:55:00";"162";"Com vítima";"302,100";"BR-414/GO";"Decrescente";"Capotamento";1;0;0;0;0;0;0;0;0;0;0;0;0;1;0
"17/05/2025";"20:07:00";"170";"Sem vítima";"126,545";"BR-080/GO";"Crescente";"Saída de pista";0;0;0;0;0;0;0;0;0;1;2;0;0;0;0
"18/05/2025";"05:49:00";"42";"Sem vítima";"800,500";"BR-153/TO";"Crescente";"Saída de pista";0;0;0;0;0;0;0;0;0;1;2;0;0;0;0
"18/05/2025";"11:05:00";"98";"Sem vítima";"145,000";"BR-153/GO";"Crescente";"Saída de pista";0;0;0;0;0;1;0;0;0;0;1;0;0;0;0
"18/05/2025";"11:50:00";"109";"Sem vítima";"203,000";"BR-153/GO";"Decrescente";"Colisão traseira";0;0;0;0;0;0;0;0;0;2;6;0;0;0;0
"18/05/2025";"13:29:00";"128";"Sem vítima";"343,800";"BR-414/GO";"Decrescente";"Saída de pista";1;0;0;0;0;0;0;0;0;0;4;0;0;0;0
"18/05/2025";"19:50:00";"210";"Sem vítima";"211,000";"BR-153/GO";"Decrescente";"Colisão transversal";0;0;0;0;0;2;0;0;0;0;2;0;0;0;0
"18/05/2025";"20:05:00";"215";"Com vítima";"692,800";"BR-153/TO";"Decrescente";"Atropelamento de animal";1;0;0;0;0;0;0;0;0;0;1;0;0;0;0
"19/05/2025";"12:40:00";"108";"Sem vítima";"199,000";"BR-153/GO";"Decrescente";"Colisão lateral no mesmo sentido";1;0;0;0;0;1;0;0;0;0;4;0;0;0;0
"19/05/2025";"14:43:00";"127";"Com vítima";"302,900";"BR-153/GO";"Decrescente";"Colisão transversal";0;0;0;0;0;1;0;0;0;1;1;0;0;0;2
"19/05/2025";"14:49:00";"128";"Sem vítima";"285,400";"BR-153/GO";"Decrescente";"Colisão traseira";0;0;0;0;0;1;0;0;0;1;3;0;0;0;0
"19/05/2025";"19:24:00";"172";"Com vítima";"681,568";"BR-153/TO";"Decrescente";"Colisão traseira";1;0;0;1;0;1;0;0;0;0;3;0;0;0;1
"19/05/2025";"20:15:00";"178";"Com vítima";"329,780";"BR-153/GO";"Decrescente";"Colisão lateral em sentido contrário";1;0;1;0;0;0;0;0;0;0;2;1;0;0;0
"20/05/2025";"10:42:00";"77";"Sem vítima";"297,500";"BR-153/GO";"Crescente";"Colisão traseira";0;0;0;0;0;1;0;0;0;1;2;0;0;0;0
"20/05/2025";"17:12:00";"139";"Com vítima";"441,000";"BR-153/GO";"Decrescente";"Colisão traseira";0;0;0;1;0;1;0;0;0;0;1;0;1;0;0
"20/05/2025";"18:40:00";"149";"Sem vítima";"200,000";"BR-153/GO";"Crescente";"Colisão traseira";1;0;0;1;0;0;0;0;0;0;3;0;0;0;0
"20/05/2025";"21:17:00";"171";"Sem vítima";"394,380";"BR-414/GO";"Crescente";"Colisão traseira";2;0;0;0;0;0;0;0;0;0;2;0;0;0;0
"21/05/2025";"06:57:00";"34";"Sem vítima";"664,328";"BR-153/TO";"Crescente";"Saída de pista";0;0;0;0;0;1;0;0;0;0;4;0;0;0;0
"22/05/2025";"06:57:00";"39";"Sem vítima";"174,300";"BR-153/GO";"Decrescente";"Saída de pista";0;0;0;0;0;1;0;0;0;0;1;0;0;0;0
"22/05/2025";"08:35:00";"61";"Com vítima";"284,299";"BR-153/GO";"Crescente";"Colisão traseira";0;0;1;1;0;0;0;0;0;0;1;1;0;0;0
"22/05/2025";"13:39:00";"131";"Com vítima";"268,000";"BR-153/GO";"Decrescente";"Queda de moto";0;0;0;1;0;0;0;0;0;0;0;0;1;1;0
"22/05/2025";"19:59:00";"209";"Sem vítima";"662,800";"BR-153/TO";"Decrescente";"Colisão lateral no mesmo sentido";0;0;0;0;0;1;0;0;0;1;2;0;0;0;0
"22/05/2025";"23:33:00";"231";"Sem vítima";"322,850";"BR-414/GO";"Decrescente";"Atropelamento de animal";1;0;0;0;0;0;0;0;0;0;4;0;0;0;0
"23/05/2025";"14:44:00";"152";"Sem vítima";"417,200";"BR-414/GO";"Crescente";"Saída de pista";0;0;1;0;0;0;0;0;0;0;2;0;0;0;0
"23/05/2025";"23:16:00";"236";"Com vítima";"440,223";"BR-414/GO";"Crescente";"Colisão frontal";2;0;0;0;0;0;0;0;0;0;1;0;1;0;0
"24/05/2025";"10:05:00";"90";"Sem vítima";"442,000";"BR-153/GO";"Decrescente";"Colisão lateral no mesmo sentido";0;0;1;0;0;0;0;0;0;1;2;0;0;0;0
"24/05/2025";"19:24:00";"203";"Sem vítima";"125,000";"BR-080/GO";"Crescente";"Saída de pista";1;0;0;0;0;0;0;0;0;0;2;0;0;0;0
"24/05/2025";"20:28:00";"216";"Sem vítima";"442,880";"BR-153/GO";"Crescente";"Colisão lateral no mesmo sentido";2;0;0;0;0;0;0;0;0;0;9;0;0;0;0
"25/05/2025";"14:18:00";"120";"Com vítima";"129,000";"BR-153/GO";"Crescente";"Colisão traseira";1;0;0;0;1;0;0;0;0;0;22;0;3;0;0
"25/05/2025";"20:10:00";"185";"Com vítima";"424,000";"BR-414/GO";"Crescente";"Colisão frontal";2;0;0;0;0;0;0;0;0;0;0;7;1;0;0
"26/05/2025";"06:52:00";"34";"Com vítima";"377,000";"BR-414/GO";"Decrescente";"Colisão lateral no mesmo sentido";0;0;0;1;0;0;0;0;0;1;1;1;0;0;0
"26/05/2025";"11:41:00";"99";"Sem vítima";"429,000";"BR-414/GO";"Crescente";"Saída de pista";1;0;0;0;0;0;0;0;0;0;3;0;0;0;0
"26/05/2025";"18:32:00";"170";"Sem vítima";"291,776";"BR-153/GO";"Decrescente";"Colisão traseira";2;0;0;0;0;1;0;0;0;0;5;0;0;0;0
"26/05/2025";"19:15:00";"178";"Sem vítima";"650,294";"BR-153/TO";"Decrescente";"Choque";1;0;0;0;0;0;0;0;0;0;2;0;0;0;0
"27/05/2025";"04:10:00";"20";"Com vítima";"143,785";"BR-153/GO";"Crescente";"Saída de pista";1;0;0;0;0;0;0;0;0;0;0;0;1;2;1
"27/05/2025";"07:45:00";"52";"Sem vítima";"263,000";"BR-153/GO";"Decrescente";"Colisão traseira";1;0;0;0;0;0;0;0;0;1;4;0;0;0;0
"28/05/2025";"03:20:00";"10";"Com vítima";"374,606";"BR-414/GO";"Crescente";"Atropelamento de pedestre";1;0;0;0;0;0;0;0;0;0;0;1;0;0;1
"28/05/2025";"06:51:00";"24";"Com vítima";"628,100";"BR-153/TO";"Crescente";"Tombamento";0;0;0;0;0;1;0;0;0;0;0;1;0;0;0
"28/05/2025";"19:26:00";"172";"Com vítima";"417,259";"BR-153/GO";"Decrescente";"Atropelamento de animal";1;0;0;0;0;0;0;0;0;0;4;0;0;0;0
"28/05/2025";"20:48:00";"182";"Com vítima";"627,812";"BR-153/TO";"Crescente";"Atropelamento de animal";1;0;0;0;0;0;0;0;0;0;0;0;1;0;0
"29/05/2025";"16:08:00";"156";"Com vítima";"392,000";"BR-414/GO";"Decrescente";"Colisão transversal";1;0;0;0;0;0;0;0;0;1;2;0;0;1;0
"30/05/2025";"08:25:00";"62";"Sem vítima";"12,452";"BR-153/GO";"Decrescente";"Saída de pista";0;0;0;0;0;1;0;0;0;0;1;0;0;0;0
"30/05/2025";"20:43:00";"191";"Com vítima";"268,792";"BR-153/GO";"Decrescente";"Atropelamento de animal";1;0;0;0;0;0;0;0;0;0;1;0;0;0;0
"30/05/2025";"23:31:00";"217";"Com vítima";"393,961";"BR-153/GO";"Crescente";"Atropelamento de animal";1;0;0;0;0;0;0;0;0;0;1;0;0;0;0
"31/05/2025";"13:21:00";"104";"Com vítima";"439,170";"BR-153/GO";"Crescente";"Choque";0;0;0;1;0;0;0;0;0;0;0;0;0;1;0
"31/05/2025";"19:34:00";"159";"Sem vítima";"207,700";"BR-153/GO";"Decrescente";"Colisão lateral em sentido contrário";1;0;1;0;0;0;0;0;0;0;5;0;0;0;0
"01/06/2025";"18:37:00";"176";"Com vítima";"133,900";"BR-080/GO";"Decrescente";"Colisão traseira";1;0;0;0;0;0;0;0;0;0;3;1;0;0;0
"01/06/2025";"21:31:00";"201";"Sem vítima";"304,500";"BR-414/GO";"Crescente";"Saída de pista";1;0;0;0;0;0;0;0;0;0;3;0;0;0;0
"02/06/2025";"10:54:00";"85";"Sem vítima";"351,000";"BR-153/GO";"Crescente";"Saída de pista";0;0;0;0;0;0;0;0;0;1;1;0;0;0;0
"03/06/2025";"05:40:00";"25";"Com vítima";"645,500";"BR-153/TO";"Decrescente";"Tombamento";0;0;0;0;0;1;0;0;0;0;0;0;1;0;0
"03/06/2025";"09:33:00";"73";"Com vítima";"436,000";"BR-153/GO";"Crescente";"Saída de pista";1;0;0;0;0;0;0;0;0;0;0;0;1;0;0
"03/06/2025";"12:37:00";"110";"Com vítima";"637,300";"BR-153/TO";"Crescente";"Tombamento";0;0;0;0;0;1;0;0;0;0;0;1;0;0;0
"03/06/2025";"22:32:00";"202";"Com vítima";"696,900";"BR-153/TO";"Crescente";"Tombamento";0;0;1;0;0;1;0;0;0;0;1;1;0;0;0
"04/06/2025";"06:25:00";"34";"Sem vítima";"207,500";"BR-153/GO";"Decrescente";"Saída de pista";1;0;0;0;0;0;0;0;0;0;3;0;0;0;0
"04/06/2025";"09:24:00";"66";"Sem vítima";"78,200";"BR-153/GO";"Crescente";"Colisão lateral no mesmo sentido";0;0;0;0;0;1;0;0;0;1;3;0;0;0;0
"04/06/2025";"13:14:00";"111";"Sem vítima";"304,100";"BR-153/GO";"Decrescente";"Colisão traseira";1;0;1;0;0;0;0;0;0;0;2;0;0;0;0
"04/06/2025";"16:05:00";"146";"Sem vítima";"440,000";"BR-414/GO";"Decrescente";"Colisão traseira";2;0;0;0;0;0;0;0;0;0;3;0;0;0;0
"04/06/2025";"16:29:00";"150";"Sem vítima";"364,861";"BR-414/GO";"Decrescente";"Saída de pista";0;0;0;0;0;1;0;0;0;0;3;0;0;0;0
"04/06/2025";"17:20:00";"157";"Com vítima";"442,000";"BR-153/GO";"Crescente";"Queda de moto";0;0;0;1;0;0;0;0;0;0;0;0;0;1;0
"04/06/2025";"23:03:00";"197";"Sem vítima";"271,000";"BR-153/GO";"Decrescente";"Colisão lateral no mesmo sentido";1;0;0;0;0;1;0;0;0;0;2;0;0;0;0
"05/06/2025";"02:07:00";"8";"Com vítima";"136,771";"BR-153/GO";"Crescente";"Colisão traseira";0;0;0;0;1;1;0;0;0;0;42;1;0;0;0
"05/06/2025";"12:06:00";"118";"Sem vítima";"328,000";"BR-153/GO";"Crescente";"Saída de pista";1;0;0;0;0;0;0;0;0;0;2;0;0;0;0
"05/06/2025";"12:16:00";"119";"Sem vítima";"441,000";"BR-153/GO";"Crescente";"Colisão traseira";1;0;0;0;0;1;0;0;0;0;3;0;0;0;0
"05/06/2025";"16:15:00";"165";"Com vítima";"172,500";"BR-153/GO";"Crescente";"Colisão lateral no mesmo sentido";1;0;0;0;0;0;0;0;0;1;4;2;0;0;0
"05/06/2025";"23:41:00";"244";"Sem vítima";"300,778";"BR-153/GO";"Crescente";"Colisão traseira";0;0;0;0;0;1;0;0;0;1;3;0;0;0;0
"06/06/2025";"18:59:00";"178";"Sem vítima";"152,000";"BR-153/GO";"Crescente";"Colisão lateral no mesmo sentido";1;0;0;0;0;1;0;0;0;0;4;0;0;0;0
"07/06/2025";"02:06:00";"14";"Sem vítima";"284,350";"BR-153/GO";"Crescente";"Choque";1;0;0;0;0;0;0;0;0;0;1;0;0;0;0
"07/06/2025";"10:04:00";"84";"Sem vítima";"440,000";"BR-414/GO";"Crescente";"Engavetamento";4;0;0;0;0;0;0;0;0;0;9;0;0;0;0
"07/06/2025";"12:48:00";"114";"Com vítima";"435,950";"BR-414/GO";"Decrescente";"Colisão transversal";0;0;0;0;0;1;0;0;0;0;1;0;0;1;0
"07/06/2025";"18:11:00";"185";"Com vítima";"270,800";"BR-153/GO";"Crescente";"Colisão frontal";0;0;0;1;0;1;0;0;0;0;1;0;0;0;2
"07/06/2025";"21:23:00";"220";"Sem vítima";"438,247";"BR-153/GO";"Crescente";"Colisão traseira";1;0;0;0;0;1;0;0;0;0;2;0;0;0;0
"08/06/2025";"07:08:00";"37";"Sem vítima";"204,000";"BR-153/GO";"Decrescente";"Saída de pista";1;0;0;0;0;0;0;0;0;0;2;0;0;0;0
"08/06/2025";"08:41:00";"53";"Sem vítima";"439,000";"BR-414/GO";"Crescente";"Saída de pista";1;0;0;0;0;0;0;0;0;0;1;0;0;0;0
"08/06/2025";"09:22:00";"60";"Com vítima";"712,200";"BR-153/TO";"Decrescente";"Colisão traseira";2;0;0;0;0;0;0;0;0;0;2;1;0;0;0
"09/06/2025";"13:07:00";"110";"Com vítima";"369,600";"BR-153/GO";"Decrescente";"Queda de moto";0;0;0;1;0;0;0;0;0;0;0;0;1;0;0
"09/06/2025";"18:48:00";"181";"Com vítima";"170,050";"BR-080/GO";"Decrescente";"Atropelamento de animal";1;0;0;0;0;0;0;0;0;0;1;0;0;0;0
"09/06/2025";"22:24:00";"207";"Com vítima";"366,300";"BR-414/GO";"Crescente";"Atropelamento de animal";1;0;0;0;0;0;0;0;0;0;1;0;0;0;0
"10/06/2025";"10:45:00";"83";"Sem vítima";"303,000";"BR-414/GO";"Decrescente";"Colisão traseira";1;0;1;0;0;0;0;0;0;0;2;0;0;0;0
"10/06/2025";"11:59:00";"96";"Sem vítima";"393,000";"BR-414/GO";"Decrescente";"Colisão transversal";1;0;1;0;0;0;0;0;0;0;3;0;0;0;0
"10/06/2025";"16:38:00";"132";"Sem vítima";"193,000";"BR-153/GO";"Crescente";"Colisão traseira";1;0;1;0;0;0;0;0;0;0;3;0;0;0;0
"11/06/2025";"07:00:00";"30";"Sem vítima";"199,380";"BR-153/GO";"Decrescente";"Tombamento";0;0;0;0;0;1;0;0;0;0;1;0;0;0;0
"11/06/2025";"10:47:00";"84";"Sem vítima";"291,000";"BR-153/GO";"Crescente";"Colisão lateral no mesmo sentido";1;0;0;0;0;1;0;0;0;0;4;0;0;0;0
"11/06/2025";"17:20:00";"141";"Sem vítima";"356,350";"BR-153/GO";"Crescente";"Colisão transversal";1;0;0;0;0;0;0;0;0;1;6;0;0;0;0
"11/06/2025";"21:59:00";"179";"Com vítima";"369,950";"BR-153/GO";"Crescente";"Atropelamento de animal";1;0;0;0;0;0;0;0;0;0;1;0;0;0;0
"12/06/2025";"02:44:00";"8";"Sem vítima";"690,900";"BR-153/TO";"Decrescente";"Colisão traseira";1;0;0;0;0;0;0;0;0;1;2;0;0;0;0
"12/06/2025";"03:07:00";"9";"Sem vítima";"136,387";"BR-153/GO";"Crescente";"Saída de pista";0;0;0;0;0;1;0;0;0;0;1;0;0;0;0
"12/06/2025";"09:16:00";"58";"Sem vítima";"440,000";"BR-414/GO";"Decrescente";"Colisão traseira";0;0;0;0;0;0;0;0;0;2;6;0;0;0;0
"12/06/2025";"10:01:00";"68";"Sem vítima";"393,000";"BR-414/GO";"Decrescente";"Colisão transversal";2;0;0;0;0;0;0;0;0;0;3;0;0;0;0
"12/06/2025";"15:16:00";"121";"Sem vítima";"200,000";"BR-153/GO";"Crescente";"Colisão transversal";0;0;1;0;0;0;0;0;0;1;3;0;0;0;0
"13/06/2025";"13:02:00";"135";"Com vítima";"440,000";"BR-153/GO";"Crescente";"Colisão traseira";0;0;0;1;0;1;0;0;0;0;1;0;1;0;0
"13/06/2025";"16:21:00";"177";"Sem vítima";"124,171";"BR-153/GO";"Decrescente";"Colisão transversal";2;0;0;0;0;0;0;0;0;0;4;0;0;0;0
"13/06/2025";"16:50:00";"184";"Sem vítima";"278,300";"BR-153/GO";"Decrescente";"Saída de pista";1;0;0;0;0;0;0;0;0;0;1;0;0;0;0
"13/06/2025";"20:16:00";"209";"Com vítima";"49,380";"BR-153/GO";"Crescente";"Queda de moto";0;0;0;1;0;0;0;0;0;0;0;0;0;1;0
"14/06/2025";"06:16:00";"25";"Sem vítima";"96,000";"BR-153/GO";"Decrescente";"Saída de pista";1;0;0;0;0;0;0;0;0;0;2;0;0;0;0
"14/06/2025";"18:39:00";"160";"Com vítima";"437,000";"BR-153/GO";"Crescente";"Queda de moto";0;0;0;1;0;0;0;0;0;0;0;0;1;0;0
"14/06/2025";"19:10:00";"164";"Sem vítima";"685,100";"BR-153/TO";"Decrescente";"Atropelamento de animal";1;0;0;0;0;0;0;0;0;0;4;0;0;0;0
"14/06/2025";"21:21:00";"184";"Sem vítima";"407,500";"BR-153/GO";"Decrescente";"Saída de pista";1;0;0;0;0;0;0;0;0;0;2;0;0;0;0
"15/06/2025";"04:27:00";"13";"Com vítima";"148,000";"BR-153/GO";"Crescente";"Saída de pista";1;0;0;0;0;1;0;0;0;0;0;3;0;0;0
"15/06/2025";"09:50:00";"76";"Sem vítima";"410,100";"BR-414/GO";"Crescente";"Saída de pista";1;0;0;0;0;0;0;0;0;0;3;0;0;0;0
"15/06/2025";"15:50:00";"133";"Sem vítima";"699,320";"BR-153/TO";"Decrescente";"Saída de pista";0;0;0;0;0;1;0;0;0;0;1;0;0;0;0
"15/06/2025";"20:22:00";"178";"Com vítima";"437,000";"BR-153/GO";"Crescente";"Saída de pista";0;0;0;1;0;0;0;0;0;0;0;0;1;0;0
"16/06/2025";"01:51:00";"5";"Sem vítima";"266,399";"BR-153/GO";"Decrescente";"Choque";1;0;0;0;0;0;0;0;0;0;2;0;0;0;0
"16/06/2025";"14:00:00";"116";"Sem vítima";"305,707";"BR-153/GO";"Crescente";"Saída de pista";0;0;1;0;0;0;0;0;0;0;1;0;0;0;0
"16/06/2025";"19:36:00";"165";"Sem vítima";"360,870";"BR-153/GO";"Crescente";"Saída de pista";1;0;0;0;0;0;0;0;0;0;5;0;0;0;0
"17/06/2025";"04:21:00";"21";"Sem vítima";"198,701";"BR-153/GO";"Crescente";"Colisão traseira";1;0;0;0;0;1;0;0;0;0;2;0;0;0;0
"17/06/2025";"07:59:00";"52";"Com vítima";"280,400";"BR-153/GO";"Crescente";"Colisão lateral no mesmo sentido";1;0;1;0;0;1;0;0;0;0;2;1;0;0;0
"17/06/2025";"12:07:00";"92";"Sem vítima";"303,000";"BR-153/GO";"Decrescente";"Colisão traseira";0;0;1;1;0;0;0;0;0;0;2;0;0;0;0
"17/06/2025";"19:15:00";"148";"Sem vítima";"389,300";"BR-153/GO";"Crescente";"Colisão lateral no mesmo sentido";1;0;0;0;0;0;0;0;0;1;6;0;0;0;0
"17/06/2025";"19:17:00";"149";"Sem vítima";"126,700";"BR-080/GO";"Crescente";"Engavetamento";0;0;0;0;0;1;0;0;0;2;2;0;0;0;0
"17/06/2025";"23:32:00";"185";"Sem vítima";"676,780";"BR-153/TO";"Crescente";"Atropelamento de animal";0;0;0;1;0;0;0;0;0;0;1;0;0;0;0
"18/06/2025";"12:08:00";"91";"Com vítima";"440,000";"BR-414/GO";"Decrescente";"Colisão traseira";0;0;0;2;0;0;0;0;0;0;1;0;1;0;0
"18/06/2025";"16:57:00";"142";"Sem vítima";"291,000";"BR-153/GO";"Crescente";"Capotamento";0;0;0;0;0;0;0;0;0;1;3;0;0;0;0
"18/06/2025";"21:47:00";"185";"Sem vítima";"132,000";"BR-080/GO";"Decrescente";"Saída de pista";1;0;0;0;0;0;0;0;0;0;1;0;0;0;0
"18/06/2025";"22:05:00";"187";"Sem vítima";"201,000";"BR-153/GO";"Decrescente";"Colisão traseira";0;0;1;0;0;0;0;0;0;1;6;0;0;0;0
"18/06/2025";"22:22:00";"189";"Com vítima";"675,000";"BR-153/TO";"Decrescente";"Colisão frontal";1;0;0;1;0;0;0;0;0;0;2;0;0;0;1
"18/06/2025";"23:14:00";"193";"Sem vítima";"436,639";"BR-153/GO";"Crescente";"Saída de pista";1;0;0;0;0;0;0;0;0;0;1;0;0;0;0
"19/06/2025";"10:00:00";"69";"Com vítima";"387,050";"BR-414/GO";"Crescente";"Colisão frontal";1;0;0;1;0;0;0;0;0;0;2;2;0;0;1
"19/06/2025";"10:19:00";"72";"Com vítima";"318,000";"BR-153/GO";"Decrescente";"Queda de moto";0;0;0;1;0;0;0;0;0;0;0;1;0;0;0
"20/06/2025";"04:32:00";"24";"Sem vítima";"228,400";"BR-153/GO";"Crescente";"Atropelamento de animal";1;0;0;0;0;0;0;0;0;0;3;0;0;0;0
"20/06/2025";"05:20:00";"34";"Com vítima";"316,279";"BR-153/GO";"Crescente";"Saída de pista";0;0;0;0;0;0;0;0;0;1;3;0;1;0;0
"20/06/2025";"10:09:00";"94";"Sem vítima";"393,350";"BR-414/GO";"Decrescente";"Colisão lateral no mesmo sentido";0;0;1;0;0;1;0;0;0;0;2;0;0;0;0
"20/06/2025";"13:30:00";"124";"Com vítima";"94,800";"BR-080/GO";"Decrescente";"Colisão transversal";0;0;0;1;0;1;0;0;0;0;1;0;0;1;0
"20/06/2025";"19:43:00";"189";"Com vítima";"691,708";"BR-153/TO";"Crescente";"Saída de pista";0;0;0;1;0;1;0;0;0;0;0;1;0;0;0
"20/06/2025";"21:01:00";"200";"Sem vítima";"67,050";"BR-153/GO";"Decrescente";"Atropelamento de animal";1;0;0;0;0;0;0;0;0;0;2;0;0;0;0
"20/06/2025";"21:06:00";"202";"Sem vítima";"203,700";"BR-153/GO";"Decrescente";"Colisão traseira";0;0;0;0;0;1;0;0;0;1;1;0;0;0;0
"21/06/2025";"08:56:00";"47";"Com vítima";"697,440";"BR-153/TO";"Crescente";"Colisão frontal";0;0;0;0;0;2;0;0;0;0;1;0;0;0;1
"21/06/2025";"10:23:00";"67";"Com vítima";"86,200";"BR-153/GO";"Decrescente";"Colisão traseira";1;0;0;0;0;0;0;0;0;0;1;1;0;0;0
"21/06/2025";"12:52:00";"91";"Sem vítima";"437,000";"BR-153/GO";"Crescente";"Colisão lateral no mesmo sentido";1;0;0;0;0;1;0;0;0;0;1;0;0;0;0
"21/06/2025";"15:11:00";"126";"Sem vítima";"277,350";"BR-153/GO";"Crescente";"Colisão lateral no mesmo sentido";0;0;1;1;0;0;0;0;0;0;3;0;0;0;0
"21/06/2025";"16:05:00";"137";"Sem vítima";"310,000";"BR-153/GO";"Crescente";"Saída de pista";1;0;0;0;0;0;0;0;0;0;1;0;0;0;0
"21/06/2025";"16:34:00";"145";"Sem vítima";"410,000";"BR-414/GO";"Crescente";"Engavetamento";2;0;1;0;0;0;0;0;0;0;7;0;0;0;0
"22/06/2025";"05:50:00";"27";"Com vítima";"438,000";"BR-153/GO";"Decrescente";"Queda de moto";0;0;0;1;0;0;0;0;0;0;0;0;1;0;0
"22/06/2025";"07:46:00";"47";"Sem vítima";"315,300";"BR-153/GO";"Decrescente";"Saída de pista";1;0;0;0;0;0;0;0;0;0;1;0;0;0;0
"22/06/2025";"09:31:00";"65";"Sem vítima";"291,200";"BR-153/GO";"Crescente";"Colisão traseira";2;0;0;0;0;0;0;0;0;0;4;0;0;0;0
"22/06/2025";"12:07:00";"90";"Com vítima";"303,000";"BR-414/GO";"Decrescente";"Capotamento";1;0;0;0;0;0;0;0;0;0;0;1;0;0;0
"22/06/2025";"14:14:00";"113";"Sem vítima";"284,000";"BR-153/GO";"Decrescente";"Colisão traseira";1;0;0;0;0;1;0;0;0;0;6;0;0;0;0
"22/06/2025";"16:09:00";"139";"Sem vítima";"440,000";"BR-414/GO";"Decrescente";"Colisão traseira";2;0;0;0;0;0;0;0;0;0;6;0;0;0;0
"22/06/2025";"17:22:00";"158";"Com vítima";"255,000";"BR-153/GO";"Decrescente";"Capotamento";0;0;0;0;0;0;0;0;0;1;0;0;2;1;0
"22/06/2025";"17:23:00";"159";"Sem vítima";"351,650";"BR-153/GO";"Decrescente";"Colisão traseira";1;0;0;0;0;0;0;0;0;1;3;0;0;0;0
"23/06/2025";"04:50:00";"25";"Sem vítima";"420,622";"BR-414/GO";"Crescente";"Saída de pista";0;0;0;0;0;0;0;0;0;1;1;0;0;0;0
"23/06/2025";"07:22:00";"43";"Sem vítima";"345,900";"BR-414/GO";"Decrescente";"Saída de pista";1;0;0;0;0;0;0;0;0;1;2;0;0;0;0
"23/06/2025";"08:57:00";"54";"Com vítima";"139,360";"BR-080/GO";"Decrescente";"Tombamento";0;0;1;0;0;0;0;0;0;0;0;0;0;1;1