data;horario;n_da_ocorrencia;tipo_de_ocorrencia;km;trecho;sentido;tipo_de_acidente;automovel;bicicleta;caminhao;moto;onibus;outros;tracao_animal;transporte_de_cargas_especiais;trator_maquinas;utilitarios;ilesos;levemente_feridos;moderadamente_feridos;gravemente_feridos;mortos
"23/06/2025";"14:50:00";"105";"Sem vítima";"175,000";"BR-153/GO";"Crescente";"Colisão transversal";2;0;0;0;0;0;0;0;0;0;3;0;0;0;0
"23/06/2025";"15:18:00";"112";"Sem vítima";"200,226";"BR-153/GO";"Crescente";"Colisão transversal";0;0;1;0;1;0;0;0;0;0;47;0;0;0;0
"23/06/2025";"16:52:00";"128";"Sem vítima";"440,400";"BR-414/GO";"Crescente";"Queda de moto";0;0;0;1;0;0;0;0;0;0;2;0;0;0;0
"23/06/2025";"17:18:00";"136";"Com vítima";"34,900";"BR-153/GO";"Crescente";"Saída de pista";0;0;1;0;0;0;0;0;0;0;0;1;0;0;0
"24/06/2025";"12:28:00";"121";"Sem vítima";"234,000";"BR-153/GO";"Decrescente";"Queda de moto";0;0;0;1;0;0;0;0;0;0;1;0;0;0;0
"24/06/2025";"16:30:00";"159";"Sem vítima";"180,000";"BR-153/GO";"Decrescente";"Colisão lateral no mesmo sentido";0;0;0;0;1;0;0;0;0;1;3;0;0;0;0
"25/06/2025";"03:25:00";"12";"Sem vítima";"355,600";"BR-153/GO";"Crescente";"Colisão frontal";1;0;1;0;0;0;0;0;0;0;2;0;0;0;0
"25/06/2025";"10:06:00";"62";"Sem vítima";"284,700";"BR-153/GO";"Decrescente";"Colisão traseira";1;0;1;0;0;2;0;0;0;0;4;0;0;0;0
"26/06/2025";"16:22:00";"141";"Sem vítima";"181,980";"BR-153/GO";"Decrescente";"Colisão traseira";1;0;1;0;0;0;0;0;0;0;2;0;0;0;0
"26/06/2025";"20:51:00";"192";"Sem vítima";"232,100";"BR-153/GO";"Crescente";"Atropelamento de animal";1;0;0;0;0;0;0;0;0;0;2;0;0;0;0
"27/06/2025";"12:47:00";"96";"Sem vítima";"326,860";"BR-153/GO";"Crescente";"Tombamento";0;0;0;0;0;1;0;0;0;0;1;0;0;0;0
"27/06/2025";"17:14:00";"145";"Sem vítima";"326,700";"BR-153/GO";"Decrescente";"Atropelamento de animal";1;0;0;0;0;0;0;0;0;0;5;0;0;0;0
"28/06/2025";"02:47:00";"17";"Sem vítima";"208,000";"BR-153/GO";"Decrescente";"Choque";0;0;1;0;0;0;0;0;0;0;1;0;0;0;0
"28/06/2025";"06:10:00";"37";"Sem vítima";"355,000";"BR-153/GO";"Decrescente";"Tombamento";1;0;0;0;0;0;0;0;0;0;1;0;0;0;0
"28/06/2025";"06:35:00";"41";"Com vítima";"762,000";"BR-153/TO";"Decrescente";"Queda de moto";0;0;0;1;0;0;0;0;0;0;0;1;0;0;0
"28/06/2025";"07:01:00";"45";"Com vítima";"369,500";"BR-414/GO";"Decrescente";"Capotamento";0;0;0;0;0;0;0;0;0;1;0;3;0;0;0
"28/06/2025";"07:56:00";"59";"Com vítima";"314,000";"BR-153/GO";"Decrescente";"Saída de pista";1;0;0;0;0;0;0;0;0;0;0;0;1;0;0
"28/06/2025";"16:33:00";"168";"Sem vítima";"191,600";"BR-153/GO";"Crescente";"Colisão traseira";0;0;0;0;1;1;0;0;0;0;40;0;0;0;0
"28/06/2025";"17:14:00";"176";"Sem vítima";"435,659";"BR-153/GO";"Decrescente";"Saída de pista";1;0;0;0;0;0;0;0;0;0;2;0;0;0;0
"28/06/2025";"17:52:00";"185";"Com vítima";"435,000";"BR-153/GO";"Decrescente";"Colisão traseira";1;0;0;0;0;0;0;0;0;1;4;0;1;0;0
"28/06/2025";"19:53:00";"199";"Sem vítima";"694,305";"BR-153/TO";"Decrescente";"Colisão lateral no mesmo sentido";0;0;1;0;0;1;0;0;0;0;2;0;0;0;0
"29/06/2025";"03:23:00";"15";"Com vítima";"125,985";"BR-080/GO";"Decrescente";"Queda de moto";0;0;0;1;0;0;0;0;0;0;0;1;0;0;0
"29/06/2025";"05:17:00";"27";"Com vítima";"334,000";"BR-153/GO";"Decrescente";"Colisão traseira";1;0;1;0;0;0;0;0;0;0;4;1;0;0;0
"29/06/2025";"06:02:00";"30";"Com vítima";"124,500";"BR-153/GO";"Crescente";"Saída de pista";0;0;0;0;0;1;0;0;0;0;0;1;0;0;0
"29/06/2025";"06:49:00";"38";"Com vítima";"356,400";"BR-153/GO";"Decrescente";"Saída de pista";0;0;0;0;0;1;0;0;0;0;0;1;0;0;0
"29/06/2025";"07:01:00";"43";"Sem vítima";"436,000";"BR-414/GO";"Crescente";"Saída de pista";1;0;0;0;0;0;0;0;0;0;1;0;0;0;0
"29/06/2025";"19:29:00";"206";"Sem vítima";"196,000";"BR-153/GO";"Decrescente";"Colisão traseira";0;0;0;0;1;0;0;0;0;1;21;0;0;0;0
"29/06/2025";"21:38:00";"224";"Sem vítima";"442,000";"BR-153/GO";"Decrescente";"Colisão traseira";1;0;0;0;0;1;0;0;0;0;3;0;0;0;0
"29/06/2025";"22:10:00";"230";"Sem vítima";"658,200";"BR-153/TO";"Crescente";"Atropelamento de animal";1;0;0;0;0;0;0;0;0;0;2;0;0;0;0
"29/06/2025";"22:28:00";"233";"Com vítima";"36,552";"BR-153/GO";"Decrescente";"Colisão frontal";2;0;0;0;0;0;0;0;0;0;0;0;0;0;2
"30/06/2025";"03:42:00";"20";"Sem vítima";"197,600";"BR-153/GO";"Crescente";"Atropelamento de animal";1;0;0;0;0;0;0;0;0;0;4;0;0;0;0
"30/06/2025";"04:11:00";"21";"Sem vítima";"197,600";"BR-153/GO";"Crescente";"Atropelamento de animal";1;0;0;0;0;0;0;0;0;0;2;0;0;0;0
"30/06/2025";"06:05:00";"36";"Com vítima";"436,000";"BR-153/GO";"Crescente";"Queda de moto";0;0;0;1;0;0;0;0;0;0;0;1;0;0;0
"30/06/2025";"12:05:00";"99";"Com vítima";"23,500";"BR-153/GO";"Decrescente";"Colisão traseira";0;0;0;0;0;0;0;0;0;2;0;4;1;0;0
"30/06/2025";"14:25:00";"128";"Com vítima";"37,540";"BR-153/GO";"Decrescente";"Colisão traseira";0;0;0;0;0;2;0;0;0;0;0;1;0;0;1
"30/06/2025";"15:58:00";"139";"Com vítima";"226,450";"BR-153/GO";"Decrescente";"Tombamento";0;0;0;0;0;1;0;0;0;0;0;1;0;0;0
"01/07/2025";"20:29:00";"195";"Sem vítima";"162,000";"BR-080/GO";"Decrescente";"Atropelamento de animal";1;0;0;0;0;0;0;0;0;0;1;0;0;0;0
"01/07/2025";"23:34:00";"220";"Com vítima";"118,000";"BR-153/GO";"Crescente";"Saída de pista";0;0;1;0;0;0;0;0;0;0;0;1;0;0;0
"02/07/2025";"02:43:00";"10";"Sem vítima";"381,100";"BR-414/GO";"Crescente";"Tombamento";0;0;0;0;0;1;0;0;0;0;1;0;0;0;0
"02/07/2025";"06:53:00";"36";"Sem vítima";"379,380";"BR-153/GO";"Crescente";"Atropelamento de animal";1;0;0;0;0;0;0;0;0;0;2;0;0;0;0
"02/07/2025";"12:49:00";"104";"Com vítima";"146,500";"BR-153/GO";"Crescente";"Saída de pista";1;0;0;0;0;0;0;0;0;0;0;2;0;0;0
"02/07/2025";"15:19:00";"131";"Sem vítima";"85,350";"BR-153/GO";"Crescente";"Colisão traseira";2;0;0;0;0;0;0;0;0;0;5;0;0;0;0
"02/07/2025";"17:19:00";"162";"Com vítima";"299,290";"BR-153/GO";"Decrescente";"Queda de moto";0;0;0;1;0;0;0;0;0;0;0;0;1;0;0
"03/07/2025";"05:12:00";"35";"Sem vítima";"356,406";"BR-153/GO";"Crescente";"Colisão transversal";1;0;0;0;0;0;0;0;0;1;7;0;0;0;0
"03/07/2025";"16:06:00";"138";"Sem vítima";"291,000";"BR-153/GO";"Decrescente";"Colisão traseira";1;0;1;0;0;0;0;0;0;0;2;0;0;0;0
"03/07/2025";"18:42:00";"155";"Sem vítima";"424,100";"BR-153/GO";"Decrescente";"Atropelamento de animal";1;0;0;0;0;0;0;0;0;0;4;0;0;0;0
"05/07/2025";"01:37:00";"13";"Sem vítima";"74,000";"BR-153/GO";"Crescente";"Atropelamento de animal";0;0;0;0;1;0;0;0;0;0;34;0;0;0;0
"05/07/2025";"01:46:00";"15";"Sem vítima";"681,130";"BR-153/TO";"Crescente";"Saída de pista";1;0;0;0;0;0;0;0;0;0;1;0;0;0;0
"05/07/2025";"05:03:00";"26";"Sem vítima";"321,000";"BR-153/GO";"Crescente";"Colisão transversal";0;0;0;1;0;1;0;0;0;0;2;0;0;0;0
"05/07/2025";"05:51:00";"33";"Sem vítima";"89,300";"BR-153/GO";"Crescente";"Saída de pista";1;0;0;0;0;0;0;0;0;0;5;0;0;0;0
"05/07/2025";"07:15:00";"55";"Com vítima";"416,200";"BR-414/GO";"Decrescente";"Capotamento";1;0;0;0;0;0;0;0;0;0;0;0;2;0;0
"05/07/2025";"07:36:00";"59";"Com vítima";"435,300";"BR-414/GO";"Decrescente";"Colisão traseira";1;0;0;1;0;0;0;0;0;0;1;0;0;1;0
"05/07/2025";"10:33:00";"112";"Sem vítima";"112,000";"BR-153/GO";"Decrescente";"Colisão traseira";0;0;0;0;0;3;0;0;0;0;4;0;0;0;0
"05/07/2025";"19:36:00";"226";"Com vítima";"442,000";"BR-153/GO";"Crescente";"Choque";1;0;0;0;0;0;0;0;0;0;1;1;1;0;0
"06/07/2025";"06:44:00";"30";"Com vítima";"424,500";"BR-153/GO";"Crescente";"Colisão lateral no mesmo sentido";0;0;0;1;0;0;0;0;0;1;0;0;1;1;0
"06/07/2025";"10:17:00";"74";"Sem vítima";"226,000";"BR-153/GO";"Decrescente";"Colisão traseira";1;0;0;0;0;1;0;0;0;0;6;0;0;0;0
"06/07/2025";"13:29:00";"110";"Com vítima";"293,544";"BR-153/GO";"Decrescente";"Colisão traseira";0;0;0;0;0;1;0;0;0;1;1;1;1;0;0
"06/07/2025";"15:15:00";"127";"Com vítima";"438,350";"BR-153/GO";"Decrescente";"Colisão traseira";2;0;0;0;0;0;0;0;0;0;3;1;0;0;0
"06/07/2025";"15:52:00";"138";"Sem vítima";"291,000";"BR-153/GO";"Crescente";"Engavetamento";2;0;0;0;0;1;0;0;0;0;8;0;0;0;0
"06/07/2025";"16:01:00";"141";"Sem vítima";"417,000";"BR-414/GO";"Decrescente";"Engavetamento";0;0;0;0;0;1;0;0;0;0;2;0;0;0;0
"06/07/2025";"17:06:00";"155";"Sem vítima";"409,000";"BR-153/GO";"Decrescente";"Engavetamento";3;0;0;0;0;1;0;0;0;0;11;0;0;0;0
"06/07/2025";"20:12:00";"192";"Sem vítima";"434,427";"BR-153/GO";"Decrescente";"Colisão traseira";0;0;0;1;0;1;0;0;0;0;1;0;0;0;0
"07/07/2025";"07:21:00";"49";"Sem vítima";"367,560";"BR-153/GO";"Decrescente";"Colisão traseira";1;0;0;0;0;1;0;0;0;0;5;0;0;0;0
"07/07/2025";"08:38:00";"71";"Com vítima";"653,270";"BR-153/TO";"Crescente";"Colisão lateral no mesmo sentido";1;0;0;0;0;0;0;0;0;0;3;1;0;0;0
"07/07/2025";"10:21:00";"95";"Sem vítima";"2,500";"BR-153/GO";"Decrescente";"Colisão traseira";0;0;1;0;1;0;0;0;0;0;51;0;0;0;0
"07/07/2025";"10:57:00";"100";"Com vítima";"1,140";"BR-153/GO";"Decrescente";"Engavetamento";0;0;0;0;0;2;0;0;0;1;3;2;0;0;0
"07/07/2025";"16:22:00";"176";"Sem vítima";"638,000";"BR-153/TO";"Crescente";"Colisão traseira";0;0;0;0;0;2;0;0;0;0;2;0;0;0;0
"08/07/2025";"08:03:00";"52";"Sem vítima";"657,000";"BR-153/TO";"Decrescente";"Colisão traseira";0;0;0;0;0;2;0;0;0;0;2;0;0;0;0
"08/07/2025";"08:36:00";"63";"Sem vítima";"642,745";"BR-153/TO";"Crescente";"Saída de pista";1;0;0;0;0;0;0;0;0;0;2;0;0;0;0
"08/07/2025";"11:39:00";"95";"Sem vítima";"691,680";"BR-153/TO";"Decrescente";"Colisão traseira";0;0;0;0;0;2;0;0;0;0;2;0;0;0;0
"08/07/2025";"15:49:00";"145";"Com vítima";"650,900";"BR-153/TO";"Decrescente";"Colisão traseira";0;0;0;0;0;1;0;0;0;1;1;0;1;0;0
"08/07/2025";"19:23:00";"180";"Com vítima";"400,500";"BR-153/GO";"Crescente";"Colisão transversal";1;0;0;1;0;0;0;0;0;0;1;1;0;0;0
"09/07/2025";"06:15:00";"47";"Com vítima";"355,000";"BR-153/GO";"Crescente";"Colisão lateral no mesmo sentido";1;0;0;1;0;0;0;0;0;0;2;1;0;0;0
"09/07/2025";"14:47:00";"137";"Sem vítima";"273,000";"BR-153/GO";"Crescente";"Saída de pista";0;0;0;0;0;1;0;0;0;0;1;0;0;0;0
"09/07/2025";"20:29:00";"184";"Sem vítima";"355,000";"BR-153/GO";"Decrescente";"Colisão transversal";1;0;1;0;0;0;0;0;0;0;2;0;0;0;0
"10/07/2025";"05:29:00";"29";"Sem vítima";"292,512";"BR-153/GO";"Decrescente";"Saída de pista";1;0;0;0;0;0;0;0;0;0;1;0;0;0;0
"10/07/2025";"06:54:00";"41";"Com vítima";"110,500";"BR-080/GO";"Crescente";"Saída de pista";1;0;0;0;0;0;0;0;0;0;0;2;0;0;0
"10/07/2025";"07:37:00";"48";"Com vítima";"205,130";"BR-153/GO";"Crescente";"Colisão lateral em sentido contrário";1;0;0;0;0;0;0;0;0;2;2;0;1;1;2
"10/07/2025";"17:03:00";"176";"Sem vítima";"661,900";"BR-153/TO";"Decrescente";"Colisão traseira";1;0;0;0;0;1;0;0;0;0;1;0;0;0;0
"10/07/2025";"23:20:00";"225";"Sem vítima";"394,117";"BR-153/GO";"Decrescente";"Colisão traseira";2;0;0;0;0;0;0;0;0;0;8;0;0;0;0
"11/07/2025";"03:18:00";"16";"Sem vítima";"692,000";"BR-153/TO";"Crescente";"Atropelamento de animal";1;0;0;0;0;0;0;0;0;0;5;0;0;0;0
"11/07/2025";"05:19:00";"31";"Sem vítima";"436,400";"BR-153/GO";"Crescente";"Saída de pista";1;0;0;0;0;0;0;0;0;0;1;0;0;0;0
"11/07/2025";"12:30:00";"117";"Com vítima";"158,260";"BR-153/GO";"Decrescente";"Colisão transversal";0;0;1;1;0;0;0;0;0;0;1;1;0;0;0
"11/07/2025";"12:34:00";"118";"Com vítima";"295,900";"BR-153/GO";"Decrescente";"Colisão transversal";0;0;0;1;0;1;0;0;0;0;0;1;0;0;0
"11/07/2025";"16:48:00";"177";"Sem vítima";"394,000";"BR-414/GO";"Crescente";"Colisão transversal";1;0;0;1;0;0;0;0;0;0;4;0;0;0;0
"11/07/2025";"19:53:00";"218";"Com vítima";"184,700";"BR-153/GO";"Crescente";"Queda de moto";0;0;0;1;0;1;0;0;0;0;0;0;2;0;0
"11/07/2025";"21:18:00";"235";"Sem vítima";"420,950";"BR-153/GO";"Crescente";"Queda de moto";0;0;0;1;0;0;0;0;0;0;1;0;0;0;0
"11/07/2025";"23:58:00";"254";"Sem vítima";"740,925";"BR-153/TO";"Decrescente";"Atropelamento de animal";1;0;0;0;0;0;0;0;0;0;4;0;0;0;0
"12/07/2025";"04:29:00";"24";"Sem vítima";"760,000";"BR-153/TO";"Decrescente";"Saída de pista";0;0;0;0;0;0;0;0;0;1;5;0;0;0;0
"12/07/2025";"04:47:00";"29";"Com vítima";"372,300";"BR-414/GO";"Decrescente";"Saída de pista";0;0;0;0;0;0;0;0;0;1;0;1;0;0;0
"12/07/2025";"14:16:00";"158";"Sem vítima";"735,925";"BR-153/TO";"Crescente";"Atropelamento de animal";1;0;0;0;0;0;0;0;0;0;3;0;0;0;0
"12/07/2025";"19:11:00";"221";"Sem vítima";"421,345";"BR-153/GO";"Decrescente";"Saída de pista";1;0;0;0;0;0;0;0;0;0;1;0;0;0;0
"12/07/2025";"23:11:00";"254";"Sem vítima";"406,400";"BR-153/GO";"Crescente";"Colisão lateral em sentido contrário";2;0;0;0;0;0;0;0;0;0;4;0;0;0;0
"13/07/2025";"09:46:00";"75";"Sem vítima";"428,500";"BR-414/GO";"Crescente";"Saída de pista";1;0;0;0;0;0;0;0;0;0;2;0;0;0;0
"13/07/2025";"13:04:00";"116";"Sem vítima";"29,637";"BR-153/GO";"Decrescente";"Colisão lateral em sentido contrário";1;0;0;0;0;1;0;0;0;0;3;0;0;0;0
"13/07/2025";"15:25:00";"147";"Sem vítima";"315,000";"BR-153/GO";"Crescente";"Colisão traseira";2;0;0;0;0;0;0;0;0;0;7;0;0;0;0
"13/07/2025";"16:27:00";"161";"Sem vítima";"657,552";"BR-153/TO";"Decrescente";"Colisão traseira";1;0;0;0;0;1;0;0;0;0;4;0;0;0;0
"13/07/2025";"16:37:00";"167";"Com vítima";"634,260";"BR-153/TO";"Crescente";"Colisão frontal";2;0;0;0;0;0;0;0;0;0;1;0;2;0;0
"13/07/2025";"18:13:00";"184";"Sem vítima";"228,000";"BR-153/GO";"Decrescente";"Colisão lateral no mesmo sentido";1;0;0;0;0;1;0;0;0;0;3;0;0;0;0
"13/07/2025";"18:17:00";"186";"Com vítima";"408,700";"BR-153/GO";"Crescente";"Colisão traseira";2;0;0;0;0;0;0;0;0;0;2;1;1;0;0
"13/07/2025";"19:28:00";"195";"Sem vítima";"408,150";"BR-153/GO";"Decrescente";"Saída de pista";1;0;0;0;0;0;0;0;0;0;1;0;0;0;0
"13/07/2025";"22:57:00";"228";"Com vítima";"71,418";"BR-153/GO";"Decrescente";"Colisão traseira";1;0;0;0;0;1;0;0;0;0;1;1;0;0;0
"14/07/2025";"05:47:00";"23";"Com vítima";"85,000";"BR-153/GO";"Crescente";"Colisão lateral no mesmo sentido";1;0;0;1;0;0;0;0;0;0;1;1;0;0;0
"14/07/2025";"07:02:00";"36";"Sem vítima";"688,060";"BR-153/TO";"Decrescente";"Colisão traseira";1;0;0;0;0;1;0;0;0;0;4;0;0;0;0
"14/07/2025";"10:17:00";"80";"Com vítima";"69,500";"BR-153/GO";"Crescente";"Colisão transversal";0;0;0;1;0;0;0;0;0;1;2;1;0;0;0
"14/07/2025";"11:13:00";"97";"Sem vítima";"307,900";"BR-153/GO";"Decrescente";"Colisão lateral no mesmo sentido";1;0;0;0;0;1;0;0;0;0;5;0;0;0;0
"14/07/2025";"15:30:00";"152";"Sem vítima";"367,550";"BR-153/GO";"Decrescente";"Colisão traseira";0;0;1;0;0;1;0;0;0;0;2;0;0;0;0
"14/07/2025";"18:59:00";"188";"Sem vítima";"442,000";"BR-153/GO";"Crescente";"Colisão traseira";2;0;0;0;0;0;0;0;0;0;3;0;0;0;0
"14/07/2025";"20:39:00";"204";"Com vítima";"146,699";"BR-153/GO";"Decrescente";"Atropelamento de animal";1;0;0;0;0;0;0;0;0;0;0;4;0;0;0
"15/07/2025";"00:13:00";"4";"Sem vítima";"291,168";"BR-153/GO";"Crescente";"Queda de moto";0;0;0;1;0;1;0;0;0;0;1;0;0;0;0
"15/07/2025";"09:22:00";"65";"Com vítima";"70,950";"BR-153/GO";"Decrescente";"Colisão transversal";0;0;0;1;0;1;0;0;0;0;1;0;1;1;0
"15/07/2025";"09:29:00";"66";"Sem vítima";"185,870";"BR-153/GO";"Decrescente";"Engavetamento";2;0;0;0;0;1;0;0;0;1;7;0;0;0;0
"15/07/2025";"09:37:00";"68";"Sem vítima";"234,000";"BR-153/GO";"Crescente";"Colisão traseira";2;0;0;0;0;0;0;0;0;0;6;0;0;0;0
"15/07/2025";"10:58:00";"79";"Com vítima";"138,500";"BR-153/GO";"Crescente";"Choque";1;0;0;0;0;1;0;0;0;0;1;2;0;0;0
"15/07/2025";"17:10:00";"155";"Sem vítima";"66,900";"BR-153/GO";"Crescente";"Colisão traseira";1;0;0;0;0;1;0;0;0;0;6;0;0;0;0
"16/07/2025";"04:11:00";"20";"Com vítima";"2,711";"BR-153/GO";"Crescente";"Colisão frontal";0;0;0;0;2;1;0;0;0;0;50;2;3;5;5
"16/07/2025";"09:20:00";"52";"Com vítima";"375,376";"BR-153/GO";"Crescente";"Engavetamento";2;0;0;0;0;0;0;0;0;1;7;1;0;0;0
"16/07/2025";"15:58:00";"119";"Sem vítima";"190,387";"BR-153/GO";"Decrescente";"Colisão traseira";2;0;0;0;0;0;0;0;0;0;5;0;0;0;0
"16/07/2025";"21:56:00";"174";"Sem vítima";"31,500";"BR-153/GO";"Crescente";"Colisão lateral no mesmo sentido";1;0;0;0;0;1;0;0;0;0;4;0;0;0;0
"17/07/2025";"03:25:00";"20";"Sem vítima";"197,923";"BR-153/GO";"Crescente";"Choque";1;0;0;0;0;0;0;0;0;0;1;0;0;0;0
"17/07/2025";"09:32:00";"66";"Com vítima";"137,900";"BR-153/GO";"Crescente";"Colisão traseira";0;0;0;2;0;0;0;0;0;0;1;1;0;0;0
"17/07/2025";"09:42:00";"71";"Sem vítima";"164,400";"BR-153/GO";"Decrescente";"Colisão traseira";2;0;0;0;0;0;0;0;0;0;7;0;0;0;0
"17/07/2025";"10:13:00";"75";"Sem vítima";"375,980";"BR-153/GO";"Decrescente";"Colisão traseira";1;0;1;0;0;0;0;0;0;0;2;0;0;0;0
"18/07/2025";"10:38:00";"85";"Sem vítima";"708,080";"BR-153/TO";"Crescente";"Colisão traseira";0;0;1;0;0;1;0;0;0;0;2;0;0;0;0
"18/07/2025";"13:12:00";"123";"Sem vítima";"306,750";"BR-153/GO";"Crescente";"Colisão lateral no mesmo sentido";0;0;2;0;0;0;0;0;0;0;4;0;0;0;0
"18/07/2025";"16:33:00";"166";"Sem vítima";"68,230";"BR-153/GO";"Decrescente";"Colisão transversal";1;0;0;0;0;0;0;0;0;0;1;0;0;0;0
"18/07/2025";"20:57:00";"212";"Sem vítima";"352,000";"BR-414/GO";"Crescente";"Queda de moto";0;0;0;1;0;0;0;0;0;0;1;0;0;0;0
"18/07/2025";"21:46:00";"217";"Com vítima";"379,500";"BR-153/GO";"Decrescente";"Queda de moto";0;0;0;1;0;0;0;0;0;0;1;1;0;0;0
"18/07/2025";"22:28:00";"224";"Com vítima";"120,606";"BR-080/GO";"Crescente";"Choque";1;0;0;0;0;0;0;0;0;0;0;1;0;0;0
"19/07/2025";"09:07:00";"71";"Com vítima";"176,500";"BR-153/GO";"Decrescente";"Capotamento";1;0;0;0;0;0;0;0;0;0;0;1;0;0;0
"19/07/2025";"10:27:00";"92";"Com vítima";"153,350";"BR-153/GO";"Decrescente";"Colisão lateral em sentido contrário";2;0;0;0;0;2;0;0;0;0;5;1;0;0;0
"19/07/2025";"14:11:00";"132";"Sem vítima";"440,000";"BR-414/GO";"Crescente";"Tombamento";0;0;1;0;0;0;0;0;0;0;1;0;0;0;0
"19/07/2025";"14:13:00";"133";"Com vítima";"137,500";"BR-153/GO";"Crescente";"Capotamento";0;0;0;0;0;0;0;0;0;1;0;1;2;0;0
"19/07/2025";"16:01:00";"157";"Com vítima";"85,490";"BR-153/GO";"Decrescente";"Colisão traseira";1;0;0;0;0;1;0;0;0;0;6;0;1;0;0
"19/07/2025";"18:50:00";"196";"Com vítima";"357,500";"BR-414/GO";"Crescente";"Queda de moto";0;0;0;1;0;0;0;0;0;0;0;0;0;1;0
"20/07/2025";"11:08:00";"83";"Sem vítima";"650,000";"BR-153/TO";"Crescente";"Colisão traseira";0;0;0;0;0;2;0;0;0;0;2;0;0;0;0
"20/07/2025";"14:29:00";"131";"Sem vítima";"200,000";"BR-153/GO";"Decrescente";"Colisão transversal";1;0;1;0;0;0;0;0;0;0;4;0;0;0;0
"20/07/2025";"18:44:00";"193";"Com vítima";"400,000";"BR-153/GO";"Decrescente";"Colisão transversal";1;0;0;0;0;0;0;0;0;1;4;3;0;0;0
"20/07/2025";"23:06:00";"244";"Sem vítima";"794,900";"BR-153/TO";"Crescente";"Atropelamento de animal";1;0;0;0;0;0;0;0;0;0;5;0;0;0;0
"21/07/2025";"06:50:00";"46";"Com vítima";"440,000";"BR-414/GO";"Decrescente";"Colisão lateral no mesmo sentido";1;0;0;1;0;0;0;0;0;0;1;0;1;0;0
"21/07/2025";"12:56:00";"122";"Sem vítima";"208,394";"BR-153/GO";"Decrescente";"Colisão lateral em sentido contrário";2;0;0;0;0;1;0;0;0;0;5;0;0;0;0
"22/07/2025";"07:52:00";"51";"Com vítima";"628,550";"BR-153/TO";"Decrescente";"Colisão lateral em sentido contrário";1;0;0;0;0;1;0;0;0;0;2;3;1;0;0
"22/07/2025";"16:21:00";"169";"Sem vítima";"792,900";"BR-153/TO";"Crescente";"Atropelamento de animal";1;0;0;0;0;0;0;0;0;0;3;0;0;0;0
"22/07/2025";"17:12:00";"186";"Com vítima";"349,420";"BR-153/GO";"Crescente";"Saída de pista";1;0;0;0;0;0;0;0;0;0;1;0;1;0;0
"22/07/2025";"17:46:00";"192";"Sem vítima";"91,100";"BR-153/GO";"Decrescente";"Choque";1;0;0;0;0;1;0;0;0;0;4;0;0;0;0
"23/07/2025";"11:53:00";"111";"Sem vítima";"418,400";"BR-414/GO";"Crescente";"Atropelamento de animal";1;0;0;0;0;0;0;0;0;0;4;0;0;0;0
"23/07/2025";"20:24:00";"218";"Sem vítima";"356,500";"BR-414/GO";"Decrescente";"Atropelamento de animal";1;0;0;0;0;0;0;0;0;0;1;0;0;0;0
"24/07/2025";"10:34:00";"94";"Sem vítima";"86,300";"BR-153/GO";"Decrescente";"Colisão traseira";1;0;0;0;0;1;0;0;0;0;5;0;0;0;0
"24/07/2025";"15:46:00";"161";"Sem vítima";"202,000";"BR-153/GO";"Crescente";"Colisão traseira";1;0;0;0;0;0;0;0;0;1;5;0;0;0;0
"25/07/2025";"00:50:00";"3";"Sem vítima";"180,448";"BR-153/GO";"Decrescente";"Saída de pista";0;0;1;0;0;0;0;0;0;0;1;0;0;0;0
"25/07/2025";"08:25:00";"54";"Sem vítima";"279,950";"BR-153/GO";"Crescente";"Engavetamento";0;0;0;0;0;3;0;0;0;0;3;0;0;0;0
"25/07/2025";"11:53:00";"92";"Sem vítima";"407,800";"BR-153/GO";"Crescente";"Colisão traseira";0;0;0;0;0;0;0;0;0;2;5;0;0;0;0
"25/07/2025";"15:05:00";"129";"Sem vítima";"437,500";"BR-414/GO";"Crescente";"Colisão lateral no mesmo sentido";1;0;0;1;0;0;0;0;0;0;3;0;0;0;0
"25/07/2025";"16:20:00";"143";"Com vítima";"438,410";"BR-414/GO";"Crescente";"Colisão frontal";0;0;0;1;0;1;0;0;0;0;1;0;0;0;1
"25/07/2025";"20:37:00";"183";"Sem vítima";"203,050";"BR-153/GO";"Decrescente";"Colisão lateral no mesmo sentido";0;0;1;0;0;0;0;0;0;0;1;0;0;0;0