data;horario;n_da_ocorrencia;tipo_de_ocorrencia;km;trecho;sentido;tipo_de_acidente;automovel;bicicleta;caminhao;moto;onibus;outros;tracao_animal;transporte_de_cargas_especiais;trator_maquinas;utilitarios;ilesos;levemente_feridos;moderadamente_feridos;gravemente_feridos;mortos
"14/11/2025";"11:00:00";"120";"Sem vítima";"434,500";"BR-153/GO";"Decrescente";"Colisão traseira";2;0;0;0;0;0;0;0;0;0;2;0;0;0;0
"14/11/2025";"13:27:00";"146";"Com vítima";"439,500";"BR-414/GO";"Decrescente";"Atropelamento de animal";0;0;0;1;0;0;0;0;0;0;0;1;0;0;0
"14/11/2025";"17:38:00";"221";"Com vítima";"439,000";"BR-414/GO";"Decrescente";"Colisão transversal";1;0;0;1;0;0;0;0;0;0;1;0;1;0;0
"14/11/2025";"17:50:00";"224";"Sem vítima";"438,000";"BR-414/GO";"Crescente";"Engavetamento";3;0;0;0;0;0;0;0;0;0;4;0;0;0;0
"14/11/2025";"21:31:00";"269";"Sem vítima";"333,000";"BR-153/GO";"Decrescente";"Saída de pista";1;0;0;0;0;0;0;0;0;0;2;0;0;0;0
"14/11/2025";"21:49:00";"273";"Sem vítima";"220,300";"BR-153/GO";"Decrescente";"Tombamento";0;0;0;0;0;1;0;0;0;0;1;0;0;0;0
"15/11/2025";"01:04:00";"13";"Com vítima";"437,200";"BR-153/GO";"Decrescente";"Queda de moto";0;0;0;1;0;0;0;0;0;0;0;0;1;0;0
"15/11/2025";"09:38:00";"85";"Sem vítima";"633,000";"BR-153/TO";"Decrescente";"Colisão traseira";0;0;0;0;0;2;0;0;0;0;2;0;0;0;0
"16/11/2025";"14:53:00";"148";"Com vítima";"418,000";"BR-153/GO";"Crescente";"Colisão transversal";1;0;0;1;0;0;0;0;0;0;1;0;1;0;0
"17/11/2025";"12:17:00";"149";"Sem vítima";"284,250";"BR-153/GO";"Decrescente";"Colisão transversal";0;0;1;0;0;1;0;0;0;0;3;0;0;0;0
"17/11/2025";"12:55:00";"155";"Sem vítima";"402,180";"BR-414/GO";"Decrescente";"Choque";0;0;0;0;0;0;0;0;0;1;1;0;0;0;0
"17/11/2025";"16:03:00";"198";"Sem vítima";"207,000";"BR-153/GO";"Decrescente";"Colisão lateral no mesmo sentido";1;0;0;0;0;0;0;0;0;0;2;0;0;0;0
"17/11/2025";"16:14:00";"203";"Sem vítima";"224,390";"BR-153/GO";"Crescente";"Choque";1;0;0;0;0;0;0;0;0;0;2;0;0;0;0
"17/11/2025";"17:11:00";"219";"Com vítima";"406,460";"BR-414/GO";"Decrescente";"Colisão frontal";0;0;4;0;0;0;0;0;0;0;7;1;0;0;0
"17/11/2025";"20:11:00";"248";"Sem vítima";"438,600";"BR-153/GO";"Decrescente";"Colisão traseira";0;0;0;0;0;2;0;0;0;0;2;0;0;0;0
"18/11/2025";"10:27:00";"91";"Com vítima";"196,100";"BR-153/GO";"Crescente";"Colisão frontal";1;0;0;0;0;1;0;0;0;0;1;0;0;2;0
"18/11/2025";"12:55:00";"113";"Com vítima";"442,000";"BR-153/GO";"Crescente";"Colisão traseira";0;0;1;0;0;0;0;0;0;1;2;1;0;0;0
"18/11/2025";"13:59:00";"120";"Sem vítima";"128,160";"BR-153/GO";"Decrescente";"Colisão traseira";0;0;1;0;0;1;0;0;0;0;4;0;0;0;0
"19/11/2025";"16:23:00";"185";"Sem vítima";"259,340";"BR-153/GO";"Decrescente";"Tombamento";0;0;0;0;0;1;0;0;0;0;1;0;0;0;0
"19/11/2025";"21:44:00";"237";"Sem vítima";"219,000";"BR-153/GO";"Crescente";"Atropelamento de animal";0;0;1;0;0;0;0;0;0;0;1;0;0;0;0
"20/11/2025";"04:05:00";"19";"Sem vítima";"154,330";"BR-080/GO";"Crescente";"Atropelamento de animal";1;0;0;0;0;0;0;0;0;0;1;0;0;0;0
"20/11/2025";"05:26:00";"31";"Sem vítima";"733,936";"BR-153/TO";"Decrescente";"Atropelamento de animal";1;0;0;0;0;0;0;0;0;0;3;0;0;0;0
"20/11/2025";"05:44:00";"34";"Com vítima";"761,317";"BR-153/TO";"Decrescente";"Saída de pista";1;0;0;0;0;0;0;0;0;0;1;1;0;0;0
"20/11/2025";"12:02:00";"125";"Com vítima";"174,490";"BR-153/GO";"Decrescente";"Colisão transversal";2;0;0;0;0;0;0;0;0;0;2;0;2;0;0
"20/11/2025";"16:35:00";"195";"Com vítima";"428,000";"BR-153/GO";"Crescente";"Colisão traseira";1;0;0;1;0;0;0;0;0;0;3;0;0;1;0
"20/11/2025";"18:13:00";"212";"Sem vítima";"12,000";"BR-153/GO";"Decrescente";"Colisão traseira";0;0;0;0;0;2;0;0;0;0;2;0;0;0;0
"21/11/2025";"02:11:00";"10";"Sem vítima";"127,500";"BR-153/GO";"Decrescente";"Atropelamento de animal";1;0;0;0;0;1;0;0;0;0;3;0;0;0;0
"21/11/2025";"07:44:00";"59";"Sem vítima";"20,900";"BR-153/GO";"Decrescente";"Colisão lateral em sentido contrário";0;0;1;0;0;0;0;0;0;0;1;0;0;0;0
"21/11/2025";"12:15:00";"134";"Sem vítima";"433,800";"BR-414/GO";"Decrescente";"Colisão traseira";1;0;0;0;0;1;0;0;0;0;3;0;0;0;0
"21/11/2025";"12:16:00";"135";"Sem vítima";"739,600";"BR-153/TO";"Crescente";"Engavetamento";0;0;3;0;0;0;0;0;0;0;4;0;0;0;0
"21/11/2025";"23:13:00";"244";"Sem vítima";"373,150";"BR-414/GO";"Crescente";"Atropelamento de animal";0;0;0;0;0;0;0;0;0;1;2;0;0;0;0
"22/11/2025";"03:57:00";"26";"Com vítima";"740,410";"BR-153/TO";"Crescente";"Colisão transversal";0;0;0;0;0;2;0;0;0;0;1;1;0;0;0
"22/11/2025";"10:11:00";"83";"Sem vítima";"66,900";"BR-153/GO";"Decrescente";"Choque";0;0;0;0;0;1;0;0;0;1;6;0;0;0;0
"22/11/2025";"10:28:00";"89";"Sem vítima";"438,000";"BR-414/GO";"Crescente";"Engavetamento";4;0;0;0;0;0;0;0;0;0;6;0;0;0;0
"23/11/2025";"04:23:00";"18";"Sem vítima";"437,400";"BR-153/GO";"Decrescente";"Choque";0;0;0;0;0;0;0;0;0;1;1;0;0;0;0
"23/11/2025";"12:03:00";"102";"Sem vítima";"631,900";"BR-153/TO";"Decrescente";"Colisão traseira";0;0;0;0;0;1;0;0;0;0;1;0;0;0;0
"23/11/2025";"15:27:00";"138";"Sem vítima";"223,000";"BR-153/GO";"Crescente";"Capotamento";1;0;0;0;0;0;0;0;0;0;1;0;0;0;0
"23/11/2025";"16:39:00";"163";"Com vítima";"208,400";"BR-153/GO";"Crescente";"Choque";1;0;0;0;0;0;0;0;0;0;0;0;1;0;0
"23/11/2025";"17:04:00";"170";"Com vítima";"396,500";"BR-414/GO";"Crescente";"Capotamento";1;0;0;0;0;0;0;0;0;0;0;0;1;0;1
"23/11/2025";"17:40:00";"179";"Sem vítima";"440,480";"BR-153/GO";"Crescente";"Saída de pista";1;0;0;0;0;0;0;0;0;0;1;0;0;0;0
"23/11/2025";"20:03:00";"201";"Com vítima";"427,984";"BR-153/GO";"Crescente";"Saída de pista";2;0;0;0;0;1;0;0;0;0;5;1;0;0;0
"23/11/2025";"23:19:00";"225";"Sem vítima";"762,275";"BR-153/TO";"Decrescente";"Tombamento";0;0;0;0;0;1;0;0;0;0;1;0;0;0;0
"24/11/2025";"13:34:00";"139";"Com vítima";"104,200";"BR-153/GO";"Decrescente";"Colisão transversal";2;0;0;0;0;0;0;0;0;0;3;2;1;0;0
"24/11/2025";"14:14:00";"146";"Sem vítima";"48,000";"BR-153/GO";"Decrescente";"Colisão traseira";0;0;1;0;0;0;0;0;0;1;6;0;0;0;0
"24/11/2025";"14:38:00";"152";"Sem vítima";"22,668";"BR-153/GO";"Decrescente";"Saída de pista";1;0;0;0;0;0;0;0;0;0;2;0;0;0;0
"24/11/2025";"15:40:00";"166";"Sem vítima";"364,793";"BR-414/GO";"Crescente";"Choque";0;0;1;0;0;0;0;0;0;0;1;0;0;0;0
"25/11/2025";"06:54:00";"35";"Sem vítima";"97,000";"BR-080/GO";"Decrescente";"Colisão lateral em sentido contrário";0;0;0;0;1;0;0;0;0;0;1;0;0;0;0
"25/11/2025";"11:12:00";"100";"Sem vítima";"297,600";"BR-153/GO";"Crescente";"Colisão traseira";1;0;1;0;0;0;0;0;0;0;2;0;0;0;0
"25/11/2025";"19:46:00";"208";"Sem vítima";"156,600";"BR-080/GO";"Crescente";"Atropelamento de animal";1;0;0;0;0;0;0;0;0;0;2;0;0;0;0
"26/11/2025";"05:15:00";"33";"Com vítima";"232,250";"BR-153/GO";"Crescente";"Colisão traseira";0;0;0;0;1;1;0;0;0;0;2;6;3;0;2
"26/11/2025";"10:21:00";"90";"Sem vítima";"436,940";"BR-153/GO";"Crescente";"Choque";1;0;0;0;0;0;0;0;0;0;1;0;0;0;0
"26/11/2025";"12:06:00";"117";"Sem vítima";"339,700";"BR-153/GO";"Decrescente";"Choque";0;0;1;0;0;0;0;0;0;0;1;0;0;0;0
"27/11/2025";"09:16:00";"68";"Sem vítima";"442,000";"BR-153/GO";"Decrescente";"Colisão traseira";1;0;0;1;0;0;0;0;0;0;2;0;0;0;0
"27/11/2025";"16:23:00";"172";"Sem vítima";"96,350";"BR-153/GO";"Crescente";"Choque";0;0;0;0;0;0;0;0;0;1;1;0;0;0;0
"27/11/2025";"18:07:00";"194";"Sem vítima";"181,200";"BR-153/GO";"Crescente";"Colisão traseira";0;0;0;0;1;0;0;0;0;1;2;0;0;0;0
"27/11/2025";"19:11:00";"208";"Sem vítima";"434,400";"BR-414/GO";"Crescente";"Colisão traseira";0;0;0;0;0;2;0;0;0;0;2;0;0;0;0
"27/11/2025";"22:59:00";"247";"Sem vítima";"333,400";"BR-414/GO";"Crescente";"Atropelamento de animal";1;0;0;0;0;0;0;0;0;0;2;0;0;0;0
"28/11/2025";"01:33:00";"12";"Sem vítima";"203,240";"BR-153/GO";"Crescente";"Capotamento";0;0;0;0;0;0;0;0;0;1;2;0;0;0;0
"28/11/2025";"06:24:00";"36";"Sem vítima";"138,600";"BR-080/GO";"Crescente";"Atropelamento de animal";1;0;0;0;0;0;0;0;0;0;1;0;0;0;0
"28/11/2025";"06:37:00";"39";"Sem vítima";"161,200";"BR-153/GO";"Decrescente";"Saída de pista";0;0;0;0;0;1;0;0;0;0;1;0;0;0;0
"28/11/2025";"08:41:00";"72";"Sem vítima";"438,700";"BR-153/GO";"Crescente";"Colisão traseira";1;0;0;0;0;1;0;0;0;0;2;0;0;0;0
"28/11/2025";"19:07:00";"202";"Com vítima";"433,550";"BR-153/GO";"Decrescente";"Queda de moto";0;0;0;1;0;1;0;0;0;0;1;0;1;0;0
"29/11/2025";"10:06:00";"104";"Sem vítima";"638,400";"BR-153/TO";"Decrescente";"Colisão traseira";0;0;1;0;0;1;0;0;0;0;2;0;0;0;0
"29/11/2025";"11:37:00";"128";"Sem vítima";"364,000";"BR-153/GO";"Decrescente";"Colisão traseira";0;0;1;0;0;1;0;0;0;0;2;0;0;0;0
"29/11/2025";"15:23:00";"175";"Com vítima";"438,800";"BR-414/GO";"Decrescente";"Queda de moto";0;0;0;1;0;0;0;0;0;0;0;0;2;0;0
"29/11/2025";"15:36:00";"177";"Com vítima";"694,100";"BR-153/TO";"Crescente";"Colisão frontal";1;0;0;2;0;0;0;0;0;0;1;0;0;0;2
"30/11/2025";"01:33:00";"11";"Sem vítima";"214,000";"BR-153/GO";"Decrescente";"Colisão traseira";0;0;0;0;1;1;0;0;0;0;43;0;0;0;0
"30/11/2025";"11:57:00";"109";"Sem vítima";"440,350";"BR-153/GO";"Crescente";"Colisão traseira";2;0;0;0;0;0;0;0;0;0;2;0;0;0;0
"30/11/2025";"16:02:00";"163";"Com vítima";"426,270";"BR-153/GO";"Crescente";"Queda de moto";0;0;0;1;0;0;0;0;0;0;1;0;1;0;0
"30/11/2025";"21:08:00";"232";"Com vítima";"437,000";"BR-153/GO";"Decrescente";"Queda de moto";0;0;0;1;0;0;0;0;0;0;0;1;0;0;0
"01/12/2025";"07:48:00";"58";"Sem vítima";"291,130";"BR-153/GO";"Crescente";"Engavetamento";3;0;0;0;0;0;0;0;0;0;7;0;0;0;0
"02/12/2025";"12:58:00";"107";"Sem vítima";"284,000";"BR-153/GO";"Crescente";"Choque";0;0;0;0;0;1;0;0;0;0;1;0;0;0;0
"02/12/2025";"13:37:00";"111";"Sem vítima";"371,000";"BR-414/GO";"Decrescente";"Saída de pista";1;0;0;0;0;0;0;0;0;0;3;0;0;0;0
"02/12/2025";"17:17:00";"164";"Sem vítima";"222,900";"BR-153/GO";"Decrescente";"Saída de pista";0;0;1;0;0;0;0;0;0;0;2;0;0;0;0
"02/12/2025";"17:23:00";"165";"Sem vítima";"333,100";"BR-153/GO";"Crescente";"Saída de pista";0;0;0;0;1;0;0;0;0;0;16;0;0;0;0
"02/12/2025";"18:58:00";"181";"Sem vítima";"437,421";"BR-414/GO";"Crescente";"Engavetamento";3;0;0;0;0;0;0;0;0;0;7;0;0;0;0
"02/12/2025";"19:51:00";"195";"Sem vítima";"668,000";"BR-153/TO";"Crescente";"Atropelamento de animal";1;0;0;0;0;0;0;0;0;0;1;0;0;0;0
"03/12/2025";"04:40:00";"18";"Sem vítima";"724,300";"BR-153/TO";"Decrescente";"Atropelamento de animal";1;0;0;0;0;0;0;0;0;0;1;0;0;0;0
"03/12/2025";"04:51:00";"22";"Sem vítima";"322,244";"BR-414/GO";"Crescente";"Saída de pista";1;0;0;0;0;0;0;0;0;0;1;0;0;0;0
"03/12/2025";"07:28:00";"49";"Sem vítima";"323,260";"BR-153/GO";"Crescente";"Colisão lateral em sentido contrário";0;0;0;0;0;1;0;0;0;1;2;0;0;0;0
"03/12/2025";"08:36:00";"68";"Sem vítima";"280,300";"BR-153/GO";"Crescente";"Colisão traseira";1;0;0;0;0;1;0;0;0;0;3;0;0;0;0
"03/12/2025";"14:00:00";"141";"Com vítima";"210,400";"BR-153/GO";"Decrescente";"Colisão lateral em sentido contrário";1;0;0;0;0;1;0;0;0;0;1;1;1;0;0
"03/12/2025";"19:05:00";"209";"Sem vítima";"725,900";"BR-153/TO";"Decrescente";"Atropelamento de animal";1;0;0;0;0;0;0;0;0;0;1;0;0;0;0
"03/12/2025";"20:51:00";"227";"Sem vítima";"347,500";"BR-153/GO";"Decrescente";"Colisão traseira";1;0;0;0;0;1;0;0;0;0;3;0;0;0;0
"03/12/2025";"21:14:00";"228";"Sem vítima";"105,600";"BR-153/GO";"Decrescente";"Saída de pista";0;0;1;0;0;0;0;0;0;0;1;0;0;0;0
"03/12/2025";"22:25:00";"235";"Sem vítima";"429,000";"BR-153/GO";"Crescente";"Saída de pista";0;0;1;0;0;0;0;0;0;0;3;0;0;0;0
"04/12/2025";"06:39:00";"43";"Sem vítima";"668,150";"BR-153/TO";"Crescente";"Saída de pista";1;0;0;0;0;0;0;0;0;0;1;0;0;0;0
"04/12/2025";"06:58:00";"48";"Sem vítima";"128,000";"BR-153/GO";"Decrescente";"Choque";0;0;0;0;0;1;0;0;0;0;2;0;0;0;0
"04/12/2025";"10:44:00";"95";"Com vítima";"438,500";"BR-153/GO";"Crescente";"Colisão lateral no mesmo sentido";2;0;0;0;0;0;0;0;0;0;1;1;0;0;0
"04/12/2025";"11:18:00";"101";"Sem vítima";"355,500";"BR-153/GO";"Decrescente";"Colisão transversal";0;0;0;0;0;1;0;0;0;1;2;0;0;0;0
"04/12/2025";"12:02:00";"113";"Sem vítima";"402,300";"BR-414/GO";"Decrescente";"Capotamento";0;0;0;0;0;0;0;0;0;1;4;0;0;0;0
"04/12/2025";"12:46:00";"125";"Com vítima";"384,200";"BR-414/GO";"Crescente";"Tombamento";0;0;1;0;0;0;0;0;0;0;1;2;0;0;0
"04/12/2025";"18:43:00";"197";"Sem vítima";"686,600";"BR-153/TO";"Decrescente";"Saída de pista";0;0;0;0;0;1;0;0;0;0;1;0;0;0;0
"05/12/2025";"06:54:00";"36";"Com vítima";"28,000";"BR-153/GO";"Crescente";"Capotamento";1;0;0;0;0;0;0;0;0;0;2;2;0;0;0
"05/12/2025";"12:13:00";"123";"Sem vítima";"756,000";"BR-153/TO";"Decrescente";"Saída de pista";1;0;0;0;0;0;0;0;0;0;1;0;0;0;0
"05/12/2025";"12:20:00";"125";"Sem vítima";"107,700";"BR-153/GO";"Crescente";"Capotamento";1;0;0;0;0;0;0;0;0;0;2;0;0;0;0
"05/12/2025";"21:21:00";"219";"Sem vítima";"208,608";"BR-153/GO";"Decrescente";"Saída de pista";0;0;1;0;0;0;0;0;0;0;1;0;0;0;0
"06/12/2025";"01:33:00";"5";"Com vítima";"267,330";"BR-153/GO";"Crescente";"Saída de pista";2;0;0;0;0;0;0;0;0;0;5;0;1;0;0
"06/12/2025";"02:34:00";"12";"Sem vítima";"352,500";"BR-414/GO";"Decrescente";"Capotamento";1;0;0;0;0;0;0;0;0;0;1;0;0;0;0
"06/12/2025";"03:32:00";"18";"Sem vítima";"767,200";"BR-153/TO";"Decrescente";"Atropelamento de animal";1;0;0;0;0;0;0;0;0;0;2;0;0;0;0
"06/12/2025";"08:14:00";"61";"Sem vítima";"208,000";"BR-153/GO";"Decrescente";"Colisão traseira";0;0;1;0;0;1;0;0;0;0;2;0;0;0;0
"06/12/2025";"11:08:00";"101";"Com vítima";"343,000";"BR-414/GO";"Crescente";"Colisão traseira";0;0;0;0;0;0;0;0;0;1;1;0;1;0;0
"06/12/2025";"13:47:00";"133";"Sem vítima";"47,000";"BR-153/GO";"Crescente";"Atropelamento de animal";1;0;0;0;0;0;0;0;0;0;1;0;0;0;0
"06/12/2025";"13:51:00";"134";"Sem vítima";"435,000";"BR-153/GO";"Crescente";"Saída de pista";1;0;0;0;0;0;0;0;0;0;1;0;0;0;0
"06/12/2025";"15:08:00";"154";"Sem vítima";"440,400";"BR-414/GO";"Crescente";"Saída de pista";1;0;0;0;0;0;0;0;0;0;1;0;0;0;0
"06/12/2025";"15:20:00";"159";"Sem vítima";"160,100";"BR-153/GO";"Crescente";"Saída de pista";1;0;0;0;0;0;0;0;0;0;2;0;0;0;0
"06/12/2025";"15:28:00";"161";"Sem vítima";"193,850";"BR-153/GO";"Crescente";"Colisão lateral em sentido contrário";0;0;0;0;0;1;0;0;0;1;3;0;0;0;0
"06/12/2025";"15:36:00";"164";"Sem vítima";"154,800";"BR-153/GO";"Decrescente";"Saída de pista";0;0;0;0;0;0;0;0;0;1;5;0;0;0;0
"06/12/2025";"17:22:00";"196";"Sem vítima";"777,960";"BR-153/TO";"Crescente";"Choque";1;0;0;0;0;0;0;0;0;0;3;0;0;0;0
"06/12/2025";"19:40:00";"211";"Sem vítima";"187,000";"BR-153/GO";"Crescente";"Queda de moto";0;0;0;1;0;0;0;0;0;0;1;0;0;0;0
"06/12/2025";"19:50:00";"213";"Sem vítima";"133,000";"BR-153/GO";"Decrescente";"Queda de moto";1;0;0;0;0;0;0;0;0;0;1;0;0;0;0
"06/12/2025";"21:52:00";"229";"Com vítima";"211,464";"BR-153/GO";"Crescente";"Colisão frontal";0;0;0;1;0;0;0;0;0;1;2;0;0;0;1
"06/12/2025";"23:24:00";"238";"Com vítima";"210,000";"BR-153/GO";"Decrescente";"Colisão frontal";1;0;0;1;0;0;0;0;0;0;1;0;0;0;1
"06/12/2025";"23:51:00";"241";"Sem vítima";"58,150";"BR-153/GO";"Crescente";"Saída de pista";1;0;0;0;0;1;0;0;0;0;3;0;0;0;0
"07/12/2025";"12:16:00";"96";"Com vítima";"340,700";"BR-414/GO";"Crescente";"Capotamento";0;0;0;0;0;0;0;0;0;1;0;1;0;0;0
"07/12/2025";"15:39:00";"135";"Com vítima";"364,140";"BR-153/GO";"Crescente";"Choque";1;0;0;0;0;0;0;0;0;0;0;2;0;0;0
"07/12/2025";"15:52:00";"139";"Sem vítima";"427,900";"BR-153/GO";"Crescente";"Colisão lateral no mesmo sentido";1;0;0;0;0;0;0;0;0;1;9;0;0;0;0
"08/12/2025";"00:24:00";"1";"Sem vítima";"437,600";"BR-153/GO";"Decrescente";"Choque";0;0;0;0;0;1;0;0;0;0;1;0;0;0;0
"08/12/2025";"04:53:00";"17";"Sem vítima";"755,900";"BR-153/TO";"Decrescente";"Atropelamento de animal";1;0;0;0;0;0;0;0;0;0;2;0;0;0;0
"08/12/2025";"07:56:00";"51";"Sem vítima";"363,080";"BR-153/GO";"Crescente";"Colisão traseira";1;0;0;0;0;0;0;0;0;1;3;0;0;0;0
"08/12/2025";"17:48:00";"158";"Sem vítima";"110,000";"BR-080/GO";"Crescente";"Queda de moto";0;0;0;1;0;0;0;0;0;0;1;0;0;0;0
"08/12/2025";"17:49:00";"160";"Sem vítima";"193,000";"BR-153/GO";"Decrescente";"Colisão traseira";1;0;0;0;0;1;0;0;0;0;2;0;0;0;0
"08/12/2025";"18:21:00";"162";"Sem vítima";"193,000";"BR-153/GO";"Decrescente";"Colisão traseira";0;0;0;0;0;2;0;0;0;0;2;0;0;0;0
"08/12/2025";"22:11:00";"204";"Sem vítima";"435,000";"BR-153/GO";"Decrescente";"Saída de pista";1;0;0;0;0;0;0;0;0;0;1;0;0;0;0
"08/12/2025";"22:11:00";"205";"Sem vítima";"202,000";"BR-153/GO";"Decrescente";"Tombamento";0;0;1;0;0;0;0;0;0;0;2;0;0;0;0
"09/12/2025";"09:26:00";"74";"Sem vítima";"203,000";"BR-153/GO";"Crescente";"Colisão traseira";2;0;0;0;0;0;0;0;0;0;5;0;0;0;0
"09/12/2025";"09:32:00";"75";"Com vítima";"356,250";"BR-153/GO";"Crescente";"Colisão transversal";1;0;0;0;0;1;0;0;0;0;1;1;0;0;0
"09/12/2025";"11:15:00";"105";"Com vítima";"110,480";"BR-080/GO";"Decrescente";"Colisão transversal";2;0;0;0;0;0;0;0;0;0;0;1;1;1;0
"10/12/2025";"00:58:00";"10";"Sem vítima";"284,716";"BR-153/GO";"Decrescente";"Choque";0;0;1;0;0;0;0;0;0;0;1;0;0;0;0
"10/12/2025";"04:17:00";"28";"Sem vítima";"359,400";"BR-153/GO";"Decrescente";"Choque";0;0;0;0;0;1;0;0;0;0;1;0;0;0;0
"10/12/2025";"07:52:00";"66";"Sem vítima";"204,800";"BR-153/GO";"Crescente";"Saída de pista";0;0;0;0;0;0;0;0;0;1;1;0;0;0;0
"10/12/2025";"15:35:00";"160";"Com vítima";"426,300";"BR-153/GO";"Crescente";"Queda de moto";0;0;0;1;0;0;0;0;0;0;0;0;1;0;0
"11/12/2025";"12:41:00";"138";"Sem vítima";"325,250";"BR-153/GO";"Crescente";"Colisão traseira";0;0;1;0;0;1;0;0;0;0;3;0;0;0;0
"11/12/2025";"14:37:00";"156";"Com vítima";"126,460";"BR-080/GO";"Crescente";"Engavetamento";1;0;0;0;0;0;0;0;0;2;1;1;1;0;0
"11/12/2025";"17:10:00";"200";"Sem vítima";"436,500";"BR-153/GO";"Decrescente";"Colisão traseira";1;0;0;0;0;1;0;0;0;0;2;0;0;0;0
"12/12/2025";"08:39:00";"80";"Com vítima";"210,500";"BR-153/GO";"Decrescente";"Colisão transversal";1;0;0;0;0;1;0;0;0;0;2;1;0;0;0
"12/12/2025";"11:01:00";"114";"Sem vítima";"400,000";"BR-153/GO";"Crescente";"Colisão traseira";0;0;0;0;0;0;0;0;0;2;5;0;0;0;0
"12/12/2025";"17:24:00";"212";"Sem vítima";"115,420";"BR-153/GO";"Crescente";"Colisão traseira";0;0;0;0;0;1;0;0;0;1;3;0;0;0;0
"12/12/2025";"22:42:00";"264";"Sem vítima";"99,440";"BR-153/GO";"Decrescente";"Saída de pista";1;0;0;0;0;0;0;0;0;0;1;0;0;0;0
"12/12/2025";"23:57:00";"278";"Sem vítima";"742,599";"BR-153/TO";"Decrescente";"Colisão traseira";0;0;2;0;0;0;0;0;0;0;2;0;0;0;0
"13/12/2025";"05:01:00";"29";"Sem vítima";"175,000";"BR-153/GO";"Decrescente";"Colisão transversal";1;0;1;0;0;0;0;0;0;0;2;0;0;0;0
"13/12/2025";"08:59:00";"66";"Com vítima";"773,730";"BR-153/TO";"Crescente";"Capotamento";0;0;0;0;0;0;0;0;0;1;2;1;0;0;0
"13/12/2025";"09:08:00";"68";"Com vítima";"220,930";"BR-153/GO";"Crescente";"Colisão traseira";0;0;0;1;0;0;0;0;0;1;1;0;0;1;0
"13/12/2025";"15:21:00";"152";"Sem vítima";"351,960";"BR-414/GO";"Crescente";"Saída de pista";1;0;0;0;0;0;0;0;0;0;5;0;0;0;0
"13/12/2025";"15:48:00";"158";"Com vítima";"254,800";"BR-153/GO";"Crescente";"Tombamento";0;0;0;0;0;1;0;0;0;0;0;1;0;0;0
"13/12/2025";"17:40:00";"192";"Sem vítima";"695,000";"BR-153/TO";"Crescente";"Queda de moto";0;0;0;1;0;0;0;0;0;0;1;0;0;0;0
"13/12/2025";"22:11:00";"230";"Sem vítima";"34,200";"BR-153/GO";"Crescente";"Atropelamento de animal";1;0;0;0;0;0;0;0;0;0;1;0;0;0;0
"14/12/2025";"01:23:00";"9";"Sem vítima";"776,000";"BR-153/TO";"Decrescente";"Atropelamento de animal";1;0;0;0;0;0;0;0;0;0;1;0;0;0;0
"14/12/2025";"03:06:00";"16";"Sem vítima";"630,457";"BR-153/TO";"Decrescente";"Choque";1;0;0;0;0;0;0;0;0;0;5;0;0;0;0
"14/12/2025";"11:34:00";"116";"Sem vítima";"287,340";"BR-153/GO";"Crescente";"Saída de pista";1;0;0;0;0;0;0;0;0;0;2;0;0;0;0
"14/12/2025";"12:38:00";"127";"Sem vítima";"305,300";"BR-414/GO";"Decrescente";"Capotamento";1;0;0;0;0;0;0;0;0;0;2;0;0;0;0
"14/12/2025";"20:48:00";"222";"Sem vítima";"252,300";"BR-153/GO";"Decrescente";"Atropelamento de animal";0;0;1;0;0;0;0;0;0;0;3;0;0;0;0
"15/12/2025";"05:11:00";"29";"Com vítima";"778,188";"BR-153/TO";"Crescente";"Atropelamento de animal";0;0;0;0;0;0;0;0;0;1;0;1;1;0;0
"15/12/2025";"06:16:00";"37";"Com vítima";"284,300";"BR-153/GO";"Crescente";"Colisão traseira";0;0;0;1;0;0;0;0;0;1;1;0;1;0;0
"15/12/2025";"10:01:00";"95";"Com vítima";"120,250";"BR-153/GO";"Crescente";"Saída de pista";0;0;0;0;0;0;0;0;0;1;2;1;1;0;0
"15/12/2025";"17:12:00";"183";"Sem vítima";"173,400";"BR-153/GO";"Decrescente";"Choque";0;0;0;0;0;0;0;0;0;1;1;0;0;0;0
"15/12/2025";"20:34:00";"228";"Com vítima";"112,000";"BR-080/GO";"Crescente";"Atropelamento de pedestre";0;0;0;0;0;0;0;0;0;1;11;0;1;0;0