data;horario;n_da_ocorrencia;tipo_de_ocorrencia;km;trecho;sentido;tipo_de_acidente;automovel;bicicleta;caminhao;moto;onibus;outros;tracao_animal;transporte_de_cargas_especiais;trator_maquinas;utilitarios;ilesos;levemente_feridos;moderadamente_feridos;gravemente_feridos;mortos
"15/12/2025";"21:19:00";"234";"Sem vítima";"102,000";"BR-080/GO";"Crescente";"Atropelamento de animal";1;0;0;0;0;0;0;0;0;0;1;0;0;0;0
"16/12/2025";"16:39:00";"196";"Sem vítima";"278,800";"BR-153/GO";"Decrescente";"Saída de pista";0;0;0;1;0;0;0;0;0;0;1;0;0;0;0
"16/12/2025";"19:11:00";"231";"Sem vítima";"356,000";"BR-153/GO";"Decrescente";"Saída de pista";1;0;0;0;0;0;0;0;0;0;4;0;0;0;0
"16/12/2025";"21:23:00";"243";"Com vítima";"181,025";"BR-080/GO";"Crescente";"Queda de moto";1;0;0;0;0;0;0;0;0;0;0;1;0;0;0
"17/12/2025";"02:36:00";"16";"Sem vítima";"410,600";"BR-414/GO";"Decrescente";"Saída de pista";1;0;0;0;0;0;0;0;0;0;2;0;0;0;0
"17/12/2025";"10:32:00";"107";"Sem vítima";"360,900";"BR-153/GO";"Decrescente";"Colisão traseira";1;0;0;0;0;1;0;0;0;0;2;0;0;0;0
"17/12/2025";"12:03:00";"126";"Sem vítima";"87,350";"BR-153/GO";"Decrescente";"Choque";0;0;0;0;0;1;0;0;0;0;1;0;0;0;0
"17/12/2025";"21:57:00";"230";"Sem vítima";"396,500";"BR-414/GO";"Decrescente";"Capotamento";0;0;0;0;0;0;0;0;0;1;3;0;0;0;0
"17/12/2025";"23:14:00";"239";"Sem vítima";"313,400";"BR-153/GO";"Crescente";"Atropelamento de animal";1;0;0;0;0;0;0;0;0;0;3;0;0;0;0
"18/12/2025";"05:58:00";"37";"Sem vítima";"341,400";"BR-153/GO";"Crescente";"Saída de pista";0;0;1;0;0;0;0;0;0;0;2;0;0;0;0
"18/12/2025";"08:13:00";"64";"Sem vítima";"427,430";"BR-153/GO";"Decrescente";"Tombamento";0;0;1;0;0;0;0;0;0;0;1;0;0;0;0
"18/12/2025";"10:15:00";"93";"Com vítima";"201,490";"BR-153/GO";"Decrescente";"Colisão transversal";1;0;0;0;1;0;0;0;0;0;26;0;1;1;0
"18/12/2025";"17:49:00";"201";"Sem vítima";"437,000";"BR-414/GO";"Crescente";"Colisão traseira";2;0;0;0;0;0;0;0;0;0;3;0;0;0;0
"18/12/2025";"19:48:00";"225";"Sem vítima";"374,000";"BR-414/GO";"Decrescente";"Colisão traseira";1;0;0;0;0;1;0;0;0;0;3;0;0;0;0
"18/12/2025";"22:23:00";"241";"Com vítima";"320,500";"BR-153/GO";"Crescente";"Colisão transversal";1;0;0;0;0;0;0;0;0;1;4;1;0;1;0
"19/12/2025";"00:33:00";"4";"Sem vítima";"404,500";"BR-153/GO";"Decrescente";"Saída de pista";0;0;1;0;0;0;0;0;0;0;2;0;0;0;0
"19/12/2025";"02:34:00";"17";"Sem vítima";"108,489";"BR-153/GO";"Decrescente";"Choque";0;0;0;0;0;0;0;0;0;1;4;0;0;0;0
"19/12/2025";"14:08:00";"135";"Com vítima";"437,341";"BR-153/GO";"Crescente";"Saída de pista";1;0;0;0;0;0;0;0;0;0;0;0;1;0;0
"20/12/2025";"01:44:00";"15";"Sem vítima";"410,002";"BR-153/GO";"Crescente";"Atropelamento de animal";1;0;0;0;0;0;0;0;0;0;2;0;0;0;0
"20/12/2025";"06:07:00";"36";"Com vítima";"437,480";"BR-153/GO";"Decrescente";"Choque";0;0;0;1;0;0;0;0;0;0;0;0;1;0;0
"20/12/2025";"07:06:00";"50";"Sem vítima";"726,250";"BR-153/TO";"Decrescente";"Queda de bicicleta";0;0;0;1;0;0;0;0;0;0;2;0;0;0;0
"20/12/2025";"08:02:00";"68";"Com vítima";"652,400";"BR-153/TO";"Crescente";"Capotamento";1;0;0;0;0;0;0;0;0;0;1;3;0;0;0
"20/12/2025";"09:42:00";"87";"Com vítima";"187,260";"BR-153/GO";"Decrescente";"Capotamento";1;0;0;0;0;0;0;0;0;0;1;1;0;0;0
"20/12/2025";"11:36:00";"106";"Com vítima";"154,278";"BR-153/GO";"Crescente";"Colisão traseira";2;0;0;0;0;0;0;0;0;0;5;0;1;0;0
"20/12/2025";"15:05:00";"139";"Com vítima";"372,600";"BR-414/GO";"Decrescente";"Saída de pista";1;0;0;0;0;0;0;0;0;0;0;0;1;0;1
"20/12/2025";"19:39:00";"180";"Sem vítima";"74,900";"BR-153/GO";"Crescente";"Colisão lateral no mesmo sentido";1;0;0;0;0;1;0;0;0;0;5;0;0;0;0
"20/12/2025";"23:25:00";"216";"Com vítima";"4,201";"BR-153/GO";"Decrescente";"Colisão lateral em sentido contrário";1;0;1;0;0;0;0;0;0;0;1;0;1;1;2
"21/12/2025";"00:29:00";"3";"Sem vítima";"140,128";"BR-153/GO";"Decrescente";"Choque";1;0;0;0;0;0;0;0;0;0;5;0;0;0;0
"21/12/2025";"04:47:00";"23";"Com vítima";"434,700";"BR-153/GO";"Decrescente";"Colisão traseira";2;0;0;0;0;0;0;0;0;0;3;0;1;0;0
"21/12/2025";"06:58:00";"44";"Sem vítima";"161,973";"BR-153/GO";"Decrescente";"Colisão lateral em sentido contrário";1;0;0;0;0;1;0;0;0;0;3;0;0;0;0
"21/12/2025";"19:30:00";"233";"Sem vítima";"323,000";"BR-153/GO";"Decrescente";"Saída de pista";1;0;0;0;0;0;0;0;0;0;2;0;0;0;0
"21/12/2025";"19:48:00";"237";"Sem vítima";"434,000";"BR-153/GO";"Decrescente";"Colisão traseira";1;0;0;1;0;0;0;0;0;0;3;0;0;0;0
"22/12/2025";"08:00:00";"67";"Com vítima";"415,000";"BR-153/GO";"Decrescente";"Colisão lateral em sentido contrário";1;0;0;1;0;0;0;0;0;0;7;0;1;0;0
"22/12/2025";"14:47:00";"183";"Com vítima";"379,960";"BR-153/GO";"Decrescente";"Colisão traseira";3;0;0;0;0;0;0;0;0;0;4;0;1;0;0
"22/12/2025";"16:18:00";"216";"Com vítima";"200,000";"BR-153/GO";"Crescente";"Colisão transversal";1;0;0;1;0;0;0;0;0;0;4;0;0;1;0
"22/12/2025";"16:30:00";"221";"Sem vítima";"179,900";"BR-153/GO";"Crescente";"Colisão lateral em sentido contrário";2;0;0;0;0;0;0;0;0;0;6;0;0;0;0
"22/12/2025";"22:00:00";"272";"Com vítima";"351,800";"BR-153/GO";"Crescente";"Colisão transversal";1;0;0;1;0;0;0;0;0;0;4;0;0;2;0
"22/12/2025";"23:41:00";"282";"Sem vítima";"422,377";"BR-414/GO";"Decrescente";"Atropelamento de animal";1;0;0;0;0;0;0;0;0;0;3;0;0;0;0
"23/12/2025";"01:55:00";"8";"Sem vítima";"116,512";"BR-153/GO";"Crescente";"Choque";1;0;0;0;0;0;0;0;0;0;1;0;0;0;0
"23/12/2025";"02:14:00";"9";"Sem vítima";"221,500";"BR-153/GO";"Crescente";"Atropelamento de animal";1;0;0;0;0;0;0;0;0;0;2;0;0;0;0
"23/12/2025";"08:44:00";"73";"Com vítima";"438,630";"BR-153/GO";"Crescente";"Queda de moto";0;0;0;1;0;0;0;0;0;0;1;0;1;0;0
"23/12/2025";"11:32:00";"123";"Com vítima";"85,340";"BR-153/GO";"Crescente";"Colisão traseira";1;0;0;0;0;1;0;0;0;0;1;2;0;0;0
"23/12/2025";"15:27:00";"180";"Com vítima";"732,840";"BR-153/TO";"Crescente";"Colisão lateral em sentido contrário";0;0;0;1;0;1;0;0;0;0;1;0;1;0;0
"23/12/2025";"20:57:00";"263";"Sem vítima";"438,400";"BR-414/GO";"Decrescente";"Atropelamento de pedestre";1;0;0;0;0;0;0;0;0;0;5;0;0;0;0
"24/12/2025";"10:07:00";"94";"Sem vítima";"762,000";"BR-153/TO";"Crescente";"Colisão lateral no mesmo sentido";1;0;0;0;0;1;0;0;0;0;4;0;0;0;0
"24/12/2025";"12:30:00";"130";"Sem vítima";"404,000";"BR-414/GO";"Decrescente";"Choque";1;0;0;0;0;0;0;0;0;0;1;0;0;0;0
"24/12/2025";"15:46:00";"177";"Com vítima";"394,000";"BR-414/GO";"Decrescente";"Atropelamento de animal";0;0;0;1;0;0;0;0;0;0;0;1;0;0;0
"24/12/2025";"16:02:00";"178";"Sem vítima";"440,000";"BR-414/GO";"Decrescente";"Queda de moto";0;0;0;1;0;0;0;0;0;0;1;0;0;0;0
"24/12/2025";"19:13:00";"224";"Sem vítima";"406,000";"BR-153/GO";"Crescente";"Saída de pista";1;0;0;0;0;0;0;0;0;0;3;0;0;0;0
"24/12/2025";"20:10:00";"231";"Sem vítima";"253,000";"BR-153/GO";"Decrescente";"Atropelamento de animal";0;0;1;0;0;0;0;0;0;0;2;0;0;0;0
"24/12/2025";"21:20:00";"243";"Sem vítima";"439,370";"BR-153/GO";"Crescente";"Choque";1;0;0;0;0;0;0;0;0;0;5;0;0;0;0
"24/12/2025";"22:45:00";"249";"Sem vítima";"305,284";"BR-153/GO";"Crescente";"Choque";1;0;0;0;0;0;0;0;0;0;2;0;0;0;0
"25/12/2025";"07:06:00";"46";"Sem vítima";"325,000";"BR-414/GO";"Decrescente";"Saída de pista";1;0;0;0;0;0;0;0;0;0;2;0;0;0;0
"25/12/2025";"10:10:00";"79";"Sem vítima";"301,500";"BR-153/GO";"Decrescente";"Saída de pista";1;0;0;0;0;0;0;0;0;0;1;0;0;0;0
"25/12/2025";"18:18:00";"179";"Sem vítima";"199,370";"BR-153/GO";"Crescente";"Colisão traseira";0;0;1;0;0;1;0;0;0;0;2;0;0;0;0
"26/12/2025";"00:02:00";"1";"Com vítima";"431,100";"BR-153/GO";"Decrescente";"Atropelamento de animal";1;0;0;0;0;0;0;0;0;0;0;0;1;0;0
"26/12/2025";"07:12:00";"39";"Sem vítima";"416,900";"BR-414/GO";"Decrescente";"Colisão traseira";1;0;0;0;0;0;0;0;0;1;5;0;0;0;0
"26/12/2025";"07:25:00";"45";"Com vítima";"410,000";"BR-414/GO";"Decrescente";"Colisão traseira";0;0;0;1;0;1;0;0;0;0;1;0;0;1;0
"26/12/2025";"09:16:00";"71";"Sem vítima";"290,000";"BR-153/GO";"Decrescente";"Colisão traseira";1;0;0;0;0;0;0;0;0;1;6;0;0;0;0
"26/12/2025";"17:34:00";"177";"Com vítima";"701,000";"BR-153/TO";"Decrescente";"Colisão transversal";2;0;0;0;0;0;0;0;0;0;2;1;1;0;0
"26/12/2025";"19:11:00";"193";"Com vítima";"317,711";"BR-414/GO";"Decrescente";"Colisão transversal";1;0;0;1;0;0;0;0;0;0;1;0;0;1;0
"26/12/2025";"20:37:00";"199";"Sem vítima";"296,000";"BR-153/GO";"Decrescente";"Choque";3;0;1;0;0;0;0;0;0;0;8;0;0;0;0
"27/12/2025";"00:05:00";"2";"Com vítima";"701,295";"BR-153/TO";"Crescente";"Colisão traseira";0;0;0;1;1;0;0;0;0;0;32;0;0;2;0
"27/12/2025";"14:54:00";"132";"Sem vítima";"762,414";"BR-153/TO";"Crescente";"Colisão lateral no mesmo sentido";1;0;0;0;0;1;0;0;0;0;5;0;0;0;0
"27/12/2025";"14:58:00";"133";"Sem vítima";"385,850";"BR-153/GO";"Crescente";"Saída de pista";1;0;0;0;0;0;0;0;0;0;2;0;0;0;0
"27/12/2025";"20:22:00";"212";"Sem vítima";"433,600";"BR-153/GO";"Crescente";"Colisão traseira";1;0;0;0;0;1;0;0;0;0;2;0;0;0;0
"27/12/2025";"22:30:00";"222";"Com vítima";"362,600";"BR-153/GO";"Decrescente";"Tombamento";0;0;0;0;0;1;0;0;0;0;0;1;0;0;0
"28/12/2025";"01:57:00";"10";"Sem vítima";"14,800";"BR-153/GO";"Crescente";"Choque";1;0;0;0;0;0;0;0;0;0;2;0;0;0;0
"28/12/2025";"05:10:00";"28";"Com vítima";"395,433";"BR-153/GO";"Crescente";"Colisão traseira";1;0;0;0;0;1;0;0;0;0;3;0;2;0;0
"28/12/2025";"10:44:00";"101";"Com vítima";"428,500";"BR-414/GO";"Crescente";"Colisão frontal";1;0;0;1;0;0;0;0;0;0;1;0;0;0;2
"28/12/2025";"13:21:00";"131";"Sem vítima";"181,025";"BR-080/GO";"Crescente";"Saída de pista";1;0;0;0;0;0;0;0;0;0;1;0;0;0;0
"28/12/2025";"14:17:00";"145";"Sem vítima";"197,000";"BR-153/GO";"Decrescente";"Saída de pista";1;0;0;0;0;0;0;0;0;0;1;0;0;0;0
"28/12/2025";"18:58:00";"206";"Com vítima";"81,950";"BR-153/GO";"Crescente";"Saída de pista";0;0;0;0;0;1;0;0;0;0;0;1;0;0;0
"28/12/2025";"21:10:00";"229";"Sem vítima";"715,800";"BR-153/TO";"Decrescente";"Atropelamento de animal";1;0;0;0;0;0;0;0;0;0;5;0;0;0;0
"29/12/2025";"08:57:00";"85";"Com vítima";"393,000";"BR-414/GO";"Decrescente";"Colisão transversal";1;0;0;1;0;0;0;0;0;0;1;0;1;0;0
"29/12/2025";"11:42:00";"136";"Sem vítima";"362,200";"BR-153/GO";"Crescente";"Capotamento";1;0;0;0;0;0;0;0;0;0;3;0;0;0;0
"30/12/2025";"00:06:00";"1";"Sem vítima";"437,000";"BR-153/GO";"Decrescente";"Choque";0;0;0;1;0;0;0;0;0;0;1;0;0;0;0
"30/12/2025";"10:49:00";"107";"Sem vítima";"303,000";"BR-153/GO";"Crescente";"Choque";1;0;0;0;0;0;0;0;0;0;5;0;0;0;0
"30/12/2025";"14:32:00";"156";"Sem vítima";"762,000";"BR-153/TO";"Decrescente";"Colisão transversal";1;0;0;0;0;1;0;0;0;0;2;0;0;0;0
"30/12/2025";"21:20:00";"241";"Sem vítima";"159,000";"BR-153/GO";"Decrescente";"Choque";1;0;0;0;0;0;0;0;0;0;4;0;0;0;0
"30/12/2025";"21:35:00";"244";"Sem vítima";"698,300";"BR-153/TO";"Crescente";"Atropelamento de animal";1;0;0;0;0;0;0;0;0;0;4;0;0;0;0
"31/12/2025";"03:23:00";"23";"Sem vítima";"393,240";"BR-414/GO";"Decrescente";"Colisão transversal";0;0;1;0;0;0;0;0;0;1;2;0;0;0;0
"31/12/2025";"07:36:00";"52";"Sem vítima";"301,900";"BR-153/GO";"Decrescente";"Colisão traseira";2;0;0;0;0;0;0;0;0;0;3;0;0;0;0
"31/12/2025";"09:54:00";"82";"Com vítima";"660,840";"BR-153/TO";"Decrescente";"Colisão lateral no mesmo sentido";2;0;0;0;0;0;0;0;0;0;6;2;0;0;0
"31/12/2025";"19:40:00";"191";"Sem vítima";"440,000";"BR-414/GO";"Decrescente";"Colisão transversal";1;0;0;1;0;0;0;0;0;0;4;0;0;0;0
"31/12/2025";"21:25:00";"207";"Sem vítima";"349,500";"BR-153/GO";"Crescente";"Choque";1;0;0;0;0;0;0;0;0;0;5;0;0;0;0
"31/12/2025";"21:32:00";"208";"Sem vítima";"349,000";"BR-153/GO";"Decrescente";"Choque";1;0;0;0;0;0;0;0;0;0;1;0;0;0;0
"01/01/2026";"09:39:00";"65";"Com vítima";"654,600";"BR-153/TO";"Decrescente";"Saída de pista";1;0;0;0;0;0;0;0;0;0;0;1;0;0;0
"01/01/2026";"21:00:00";"207";"Com vítima";"436,000";"BR-153/GO";"Decrescente";"Queda de moto";0;0;0;1;0;0;0;0;0;0;0;0;1;0;0
"01/01/2026";"23:08:00";"219";"Sem vítima";"176,500";"BR-153/GO";"Decrescente";"Saída de pista";0;0;1;0;0;0;0;0;0;0;1;0;0;0;0
"02/01/2026";"19:42:00";"207";"Sem vítima";"680,000";"BR-153/TO";"Decrescente";"Saída de pista";1;0;0;0;0;0;0;0;0;0;2;0;0;0;0
"02/01/2026";"21:57:00";"227";"Sem vítima";"257,200";"BR-153/GO";"Crescente";"Saída de pista";1;0;0;0;0;0;0;0;0;0;1;0;0;0;0
"03/01/2026";"04:58:00";"22";"Sem vítima";"15,860";"BR-153/GO";"Decrescente";"Saída de pista";1;0;0;0;0;1;0;0;0;0;8;0;0;0;0
"03/01/2026";"16:15:00";"184";"Com vítima";"102,000";"BR-080/GO";"Crescente";"Saída de pista";1;0;0;0;0;0;0;0;0;0;1;2;1;0;0
"03/01/2026";"21:44:00";"243";"Sem vítima";"261,200";"BR-153/GO";"Decrescente";"Saída de pista";1;0;0;0;0;0;0;0;0;0;4;0;0;0;0
"04/01/2026";"07:01:00";"43";"Com vítima";"439,488";"BR-414/GO";"Crescente";"Atropelamento de pedestre";0;0;0;0;0;1;0;0;0;0;1;1;0;0;0
"04/01/2026";"09:41:00";"90";"Sem vítima";"223,000";"BR-153/GO";"Decrescente";"Tombamento";0;0;0;0;0;1;0;0;0;0;1;0;0;0;0
"04/01/2026";"10:49:00";"102";"Sem vítima";"352,487";"BR-153/GO";"Crescente";"Colisão lateral no mesmo sentido";1;0;0;0;0;1;0;0;0;0;4;0;0;0;0
"04/01/2026";"15:31:00";"143";"Sem vítima";"277,272";"BR-153/GO";"Crescente";"Capotamento";1;0;0;0;0;0;0;0;0;0;1;0;0;0;0
"05/01/2026";"11:04:00";"100";"Com vítima";"793,279";"BR-153/TO";"Crescente";"Queda de moto";0;0;0;1;0;0;0;0;0;0;0;0;1;0;0
"05/01/2026";"12:28:00";"114";"Com vítima";"386,420";"BR-153/GO";"Crescente";"Queda de moto";0;0;0;1;0;0;0;0;0;0;1;1;0;0;0
"05/01/2026";"14:28:00";"129";"Com vítima";"330,500";"BR-153/GO";"Decrescente";"Colisão lateral em sentido contrário";1;0;0;0;0;0;0;0;0;1;1;0;1;0;0
"05/01/2026";"18:18:00";"161";"Sem vítima";"359,000";"BR-153/GO";"Crescente";"Saída de pista";1;0;0;0;0;0;0;0;0;0;2;0;0;0;0
"05/01/2026";"19:37:00";"177";"Sem vítima";"317,449";"BR-153/GO";"Decrescente";"Saída de pista";1;0;0;0;0;0;0;0;0;0;2;0;0;0;0
"05/01/2026";"22:07:00";"196";"Sem vítima";"630,700";"BR-153/TO";"Decrescente";"Colisão traseira";1;0;0;0;0;1;0;0;0;0;3;0;0;0;0
"05/01/2026";"22:40:00";"199";"Sem vítima";"422,500";"BR-153/GO";"Decrescente";"Saída de pista";1;0;0;0;0;0;0;0;0;0;1;0;0;0;0
"06/01/2026";"06:54:00";"35";"Sem vítima";"284,750";"BR-153/GO";"Decrescente";"Colisão traseira";0;0;2;0;1;0;0;0;0;0;30;0;0;0;0
"06/01/2026";"08:27:00";"55";"Sem vítima";"323,800";"BR-153/GO";"Crescente";"Saída de pista";1;0;0;0;0;0;0;0;0;0;1;0;0;0;0
"06/01/2026";"10:57:00";"97";"Sem vítima";"284,340";"BR-153/GO";"Crescente";"Colisão traseira";2;0;0;0;0;0;0;0;0;0;2;0;0;0;0
"06/01/2026";"16:13:00";"158";"Sem vítima";"284,320";"BR-153/GO";"Crescente";"Tombamento";0;0;1;0;0;0;0;0;0;0;1;0;0;0;0
"06/01/2026";"19:15:00";"202";"Com vítima";"388,685";"BR-414/GO";"Crescente";"Choque";0;0;1;0;0;0;0;0;0;0;0;1;0;0;0
"06/01/2026";"20:05:00";"208";"Sem vítima";"439,000";"BR-153/GO";"Crescente";"Choque";1;0;0;0;0;0;0;0;0;0;2;0;0;0;0
"06/01/2026";"23:33:00";"229";"Sem vítima";"436,940";"BR-153/GO";"Crescente";"Choque";1;0;0;0;0;0;0;0;0;0;1;0;0;0;0
"07/01/2026";"04:35:00";"26";"Sem vítima";"259,384";"BR-153/GO";"Decrescente";"Saída de pista";0;0;0;0;1;0;0;0;0;0;33;0;0;0;0
"07/01/2026";"05:31:00";"31";"Sem vítima";"642,200";"BR-153/TO";"Decrescente";"Choque";1;0;0;0;0;0;0;0;0;0;4;0;0;0;0
"07/01/2026";"05:35:00";"32";"Com vítima";"27,160";"BR-153/GO";"Decrescente";"Colisão lateral em sentido contrário";0;0;1;0;1;0;0;0;0;0;1;0;2;0;0
"07/01/2026";"06:11:00";"36";"Sem vítima";"242,000";"BR-153/GO";"Crescente";"Colisão transversal";1;0;1;0;0;0;0;0;0;0;7;0;0;0;0
"07/01/2026";"07:04:00";"43";"Sem vítima";"259,384";"BR-153/GO";"Decrescente";"Saída de pista";1;0;0;0;0;0;0;0;0;0;3;0;0;0;0
"08/01/2026";"14:27:00";"136";"Sem vítima";"399,400";"BR-153/GO";"Crescente";"Choque";0;0;1;0;0;0;0;0;0;0;3;0;0;0;0
"08/01/2026";"14:44:00";"142";"Com vítima";"257,330";"BR-153/GO";"Decrescente";"Colisão traseira";1;0;1;0;0;0;0;0;0;0;2;0;0;2;0
"08/01/2026";"17:29:00";"171";"Sem vítima";"214,855";"BR-153/GO";"Crescente";"Tombamento";0;0;0;0;0;1;0;0;0;0;1;0;0;0;0
"09/01/2026";"11:44:00";"106";"Sem vítima";"745,000";"BR-153/TO";"Crescente";"Colisão traseira";1;0;0;0;0;1;0;0;0;0;2;0;0;0;0
"09/01/2026";"12:03:00";"109";"Sem vítima";"132,799";"BR-153/GO";"Decrescente";"Colisão traseira";0;0;1;0;0;1;0;0;0;0;3;0;0;0;0
"09/01/2026";"12:05:00";"110";"Com vítima";"55,650";"BR-153/GO";"Decrescente";"Saída de pista";0;0;0;0;0;0;0;0;0;1;1;2;0;0;0
"09/01/2026";"17:25:00";"181";"Sem vítima";"333,560";"BR-153/GO";"Crescente";"Engavetamento";3;0;0;0;0;1;0;0;0;0;8;0;0;0;0
"09/01/2026";"19:26:00";"206";"Com vítima";"175,490";"BR-153/GO";"Crescente";"Colisão lateral no mesmo sentido";2;0;0;0;0;0;0;0;0;0;5;4;0;0;0
"10/01/2026";"03:28:00";"21";"Sem vítima";"347,700";"BR-414/GO";"Crescente";"Saída de pista";1;0;0;0;0;0;0;0;0;0;1;0;0;0;0
"10/01/2026";"19:28:00";"198";"Sem vítima";"163,199";"BR-153/GO";"Decrescente";"Choque";1;0;0;0;0;0;0;0;0;0;2;0;0;0;0
"10/01/2026";"20:49:00";"210";"Sem vítima";"800,200";"BR-153/TO";"Crescente";"Atropelamento de animal";1;0;0;0;0;0;0;0;0;0;3;0;0;0;0
"11/01/2026";"13:50:00";"135";"Sem vítima";"367,980";"BR-153/GO";"Decrescente";"Saída de pista";1;0;0;0;0;0;0;0;0;0;2;0;0;0;0
"11/01/2026";"16:11:00";"167";"Sem vítima";"668,000";"BR-153/TO";"Crescente";"Saída de pista";1;0;0;0;0;0;0;0;0;0;2;0;0;0;0
"11/01/2026";"19:52:00";"224";"Com vítima";"429,832";"BR-153/GO";"Crescente";"Colisão traseira";1;0;0;0;0;0;0;0;0;1;1;0;3;0;0
"11/01/2026";"22:54:00";"261";"Sem vítima";"72,500";"BR-153/GO";"Decrescente";"Choque";1;0;0;0;0;0;0;0;0;0;1;0;0;0;0
"11/01/2026";"23:04:00";"264";"Sem vítima";"109,862";"BR-080/GO";"Crescente";"Saída de pista";1;0;0;0;0;0;0;0;0;0;1;0;0;0;0
"12/01/2026";"01:45:00";"17";"Sem vítima";"196,330";"BR-153/GO";"Crescente";"Atropelamento de animal";1;0;0;0;0;0;0;0;0;0;4;0;0;0;0
"12/01/2026";"06:17:00";"59";"Sem vítima";"715,250";"BR-153/TO";"Crescente";"Choque";0;0;0;1;0;0;0;0;0;0;1;0;0;0;0
"12/01/2026";"10:49:00";"141";"Sem vítima";"438,450";"BR-414/GO";"Decrescente";"Colisão traseira";1;0;0;0;0;0;0;0;0;1;2;0;0;0;0
"13/01/2026";"06:54:00";"32";"Com vítima";"434,000";"BR-153/GO";"Crescente";"Queda de moto";0;0;0;1;0;0;0;0;0;0;0;1;0;0;0
"13/01/2026";"15:26:00";"155";"Com vítima";"280,002";"BR-153/GO";"Decrescente";"Colisão frontal";1;0;0;0;0;3;0;0;0;1;6;0;1;0;0
"14/01/2026";"15:17:00";"147";"Sem vítima";"382,000";"BR-153/GO";"Crescente";"Carreta deu L";0;0;0;0;0;2;0;0;0;0;2;0;0;0;0
"14/01/2026";"22:16:00";"219";"Com vítima";"717,950";"BR-153/TO";"Decrescente";"Saída de pista";0;0;0;0;0;1;0;0;0;0;0;2;0;0;0
"16/01/2026";"09:16:00";"76";"Com vítima";"326,375";"BR-153/GO";"Crescente";"Engavetamento";1;0;1;0;0;1;0;0;0;1;4;2;0;0;0
"16/01/2026";"09:34:00";"82";"Sem vítima";"220,200";"BR-153/GO";"Crescente";"Engavetamento";2;0;0;0;0;0;0;0;0;1;3;0;0;0;0
"16/01/2026";"12:31:00";"126";"Sem vítima";"164,800";"BR-153/GO";"Decrescente";"Colisão traseira";0;0;0;0;1;1;0;0;0;0;17;0;0;0;0
"16/01/2026";"15:12:00";"152";"Sem vítima";"55,400";"BR-153/GO";"Decrescente";"Saída de pista";0;0;0;0;0;0;0;0;0;1;2;0;0;0;0
"16/01/2026";"16:19:00";"173";"Com vítima";"439,000";"BR-414/GO";"Crescente";"Colisão traseira";1;0;0;1;0;0;0;0;0;0;1;1;0;0;0
"16/01/2026";"17:03:00";"185";"Sem vítima";"264,700";"BR-153/GO";"Crescente";"Saída de pista";0;0;0;0;0;1;0;0;0;0;2;0;0;0;0
"16/01/2026";"17:38:00";"195";"Sem vítima";"164,600";"BR-153/GO";"Crescente";"Engavetamento";0;0;1;0;0;2;0;0;0;0;3;0;0;0;0
"16/01/2026";"22:24:00";"251";"Sem vítima";"152,800";"BR-080/GO";"Crescente";"Colisão traseira";1;0;0;0;0;1;0;0;0;0;2;0;0;0;0
"17/01/2026";"07:51:00";"54";"Sem vítima";"333,700";"BR-153/GO";"Crescente";"Colisão traseira";0;0;0;0;0;1;0;0;0;1;3;0;0;0;0
"17/01/2026";"09:55:00";"85";"Sem vítima";"722,000";"BR-153/TO";"Decrescente";"Colisão traseira";2;0;0;0;0;0;0;0;0;0;4;0;0;0;0
"17/01/2026";"16:10:00";"173";"Sem vítima";"186,316";"BR-153/GO";"Decrescente";"Colisão traseira";2;0;0;0;0;0;0;0;0;0;2;0;0;0;0
"17/01/2026";"18:23:00";"198";"Sem vítima";"689,000";"BR-153/TO";"Decrescente";"Colisão traseira";1;0;0;0;0;1;0;0;0;0;3;0;0;0;0
"17/01/2026";"22:25:00";"240";"Sem vítima";"303,000";"BR-153/GO";"Decrescente";"Choque";0;0;1;0;0;0;0;0;0;0;3;0;0;0;0
"18/01/2026";"11:15:00";"99";"Sem vítima";"640,000";"BR-153/TO";"Decrescente";"Colisão traseira";0;0;1;0;0;0;0;0;0;1;6;0;0;0;0
"18/01/2026";"17:01:00";"177";"Sem vítima";"340,470";"BR-414/GO";"Decrescente";"Saída de pista";1;0;0;0;0;0;0;0;0;0;1;0;0;0;0
"19/01/2026";"00:08:00";"3";"Sem vítima";"96,390";"BR-080/GO";"Decrescente";"Atropelamento de animal";0;0;1;0;0;0;0;0;0;0;1;0;0;0;0
"19/01/2026";"15:16:00";"151";"Sem vítima";"677,850";"BR-153/TO";"Decrescente";"Colisão traseira";1;0;0;0;0;1;0;0;0;0;2;0;0;0;0