data;horario;n_da_ocorrencia;tipo_de_ocorrencia;km;trecho;sentido;tipo_de_acidente;automovel;bicicleta;caminhao;moto;onibus;outros;tracao_animal;transporte_de_cargas_especiais;trator_maquinas;utilitarios;ilesos;levemente_feridos;moderadamente_feridos;gravemente_feridos;mortos
"19/01/2026";"17:28:00";"176";"Sem vítima";"440,000";"BR-414/GO";"Crescente";"Colisão transversal";1;0;1;0;0;0;0;0;0;0;4;0;0;0;0
"20/01/2026";"06:52:00";"36";"Sem vítima";"173,670";"BR-153/GO";"Crescente";"Choque";1;0;0;0;0;0;0;0;0;0;2;0;0;0;0
"20/01/2026";"07:06:00";"39";"Sem vítima";"430,690";"BR-414/GO";"Decrescente";"Colisão traseira";1;0;1;0;0;0;0;0;0;0;3;0;0;0;0
"20/01/2026";"08:03:00";"49";"Sem vítima";"442,900";"BR-153/GO";"Crescente";"Colisão traseira";1;0;0;0;0;0;0;0;0;0;2;0;0;0;0
"20/01/2026";"09:39:00";"75";"Sem vítima";"442,900";"BR-153/GO";"Crescente";"Colisão traseira";1;0;0;0;0;0;0;0;0;1;2;0;0;0;0
"20/01/2026";"11:20:00";"95";"Com vítima";"718,500";"BR-153/TO";"Decrescente";"Queda de moto";0;0;0;1;0;0;0;0;0;0;0;2;0;0;0
"20/01/2026";"11:58:00";"100";"Com vítima";"633,650";"BR-153/TO";"Decrescente";"Saída de pista";0;0;1;0;0;0;0;0;0;0;0;1;0;0;0
"20/01/2026";"14:23:00";"121";"Sem vítima";"323,400";"BR-153/GO";"Crescente";"Saída de pista";0;0;1;0;0;0;0;0;0;0;1;0;0;0;0
"20/01/2026";"22:19:00";"201";"Com vítima";"380,900";"BR-153/GO";"Decrescente";"Colisão traseira";0;1;0;0;0;1;0;0;0;0;1;0;0;0;0
"21/01/2026";"21:21:00";"253";"Sem vítima";"736,790";"BR-153/TO";"Crescente";"Atropelamento de animal";1;0;0;0;0;0;0;0;0;0;1;0;0;0;0
"21/01/2026";"21:32:00";"254";"Com vítima";"432,900";"BR-153/GO";"Crescente";"Choque";1;0;0;0;0;0;0;0;0;0;0;1;0;0;0
"22/01/2026";"06:24:00";"31";"Com vítima";"132,480";"BR-080/GO";"Crescente";"Saída de pista";1;0;0;0;0;0;0;0;0;0;1;1;0;0;0
"22/01/2026";"17:29:00";"165";"Sem vítima";"433,546";"BR-153/GO";"Decrescente";"Atropelamento de animal";0;0;0;1;0;0;0;0;0;0;1;0;0;0;0
"22/01/2026";"17:33:00";"166";"Sem vítima";"654,764";"BR-153/TO";"Decrescente";"Atropelamento de animal";1;0;0;0;0;0;0;0;0;0;5;0;0;0;0
"23/01/2026";"08:18:00";"46";"Com vítima";"436,720";"BR-153/GO";"Decrescente";"Queda de moto";0;0;0;1;0;0;0;0;0;0;0;1;0;0;0
"23/01/2026";"16:02:00";"151";"Com vítima";"339,489";"BR-153/GO";"Decrescente";"Choque";1;0;0;0;0;0;0;0;0;0;2;2;0;0;0
"23/01/2026";"16:26:00";"157";"Sem vítima";"442,900";"BR-153/GO";"Decrescente";"Colisão lateral no mesmo sentido";1;0;0;0;0;1;0;0;0;0;5;0;0;0;0
"23/01/2026";"19:56:00";"209";"Sem vítima";"359,000";"BR-153/GO";"Decrescente";"Colisão traseira";2;0;0;0;0;0;0;0;0;0;7;0;0;0;0
"23/01/2026";"20:38:00";"220";"Sem vítima";"348,000";"BR-414/GO";"Decrescente";"Choque";1;0;0;0;0;0;0;0;0;0;2;0;0;0;0
"23/01/2026";"21:36:00";"228";"Com vítima";"302,953";"BR-153/GO";"Decrescente";"Capotamento";1;0;0;0;0;0;0;0;0;0;0;0;1;0;0
"23/01/2026";"22:20:00";"232";"Sem vítima";"200,280";"BR-153/GO";"Crescente";"Atropelamento de animal";1;0;0;0;0;0;0;0;0;0;2;0;0;0;0
"24/01/2026";"08:50:00";"66";"Com vítima";"31,600";"BR-153/GO";"Decrescente";"Colisão lateral em sentido contrário";0;0;0;0;0;2;0;0;0;0;0;4;0;0;0
"24/01/2026";"15:55:00";"152";"Sem vítima";"381,500";"BR-153/GO";"Crescente";"Saída de pista";0;0;0;0;0;0;0;0;0;1;3;0;0;0;0
"24/01/2026";"16:47:00";"166";"Sem vítima";"290,610";"BR-153/GO";"Decrescente";"Colisão traseira";0;0;0;0;0;1;0;0;0;1;5;0;0;0;0
"24/01/2026";"17:41:00";"172";"Sem vítima";"671,180";"BR-153/TO";"Decrescente";"Saída de pista";0;0;1;0;0;0;0;0;0;1;3;0;0;0;0
"24/01/2026";"20:22:00";"202";"Sem vítima";"410,140";"BR-414/GO";"Crescente";"Colisão traseira";0;0;0;0;0;1;0;0;0;1;3;0;0;0;0
"24/01/2026";"20:28:00";"203";"Sem vítima";"415,000";"BR-414/GO";"Decrescente";"Queda de moto";0;0;0;0;0;1;0;0;0;0;1;0;0;0;0
"24/01/2026";"22:33:00";"215";"Sem vítima";"323,000";"BR-153/GO";"Decrescente";"Tombamento";0;0;0;0;0;1;0;0;0;0;1;0;0;0;0
"25/01/2026";"11:29:00";"117";"Com vítima";"648,098";"BR-153/TO";"Crescente";"Saída de pista";0;0;0;0;0;0;0;0;0;1;0;1;0;0;0
"25/01/2026";"12:44:00";"131";"Sem vítima";"431,000";"BR-153/GO";"Crescente";"Choque";0;0;0;0;0;0;0;0;0;1;1;0;0;0;0
"25/01/2026";"20:39:00";"240";"Com vítima";"439,500";"BR-414/GO";"Crescente";"Colisão frontal";0;0;0;1;1;0;0;0;0;0;1;0;0;0;1
"25/01/2026";"21:00:00";"241";"Sem vítima";"409,000";"BR-153/GO";"Decrescente";"Colisão lateral no mesmo sentido";1;0;0;0;0;1;0;0;0;0;4;0;0;0;0
"26/01/2026";"07:11:00";"40";"Com vítima";"308,270";"BR-153/GO";"Crescente";"Colisão traseira";1;0;1;0;0;0;0;0;0;0;1;1;0;0;0
"26/01/2026";"16:02:00";"156";"Com vítima";"412,000";"BR-153/GO";"Decrescente";"Tombamento";0;0;0;0;1;0;0;0;0;0;25;0;3;0;0
"27/01/2026";"10:17:00";"94";"Sem vítima";"112,500";"BR-153/GO";"Crescente";"Saída de pista";1;0;0;0;0;0;0;0;0;0;1;0;0;0;0
"27/01/2026";"14:03:00";"132";"Sem vítima";"146,000";"BR-080/GO";"Crescente";"Saída de pista";1;0;0;0;0;0;0;0;0;0;1;0;0;0;0
"27/01/2026";"16:51:00";"161";"Com vítima";"304,500";"BR-414/GO";"Crescente";"Colisão frontal";1;0;0;0;0;1;0;0;0;0;1;0;0;0;1
"28/01/2026";"10:17:00";"92";"Com vítima";"425,330";"BR-153/GO";"Crescente";"Queda de moto";0;0;0;1;0;0;0;0;0;0;0;1;0;0;0
"29/01/2026";"05:53:00";"23";"Sem vítima";"404,600";"BR-414/GO";"Decrescente";"Saída de pista";0;0;0;0;0;0;0;0;0;1;3;0;0;0;0
"29/01/2026";"14:32:00";"138";"Sem vítima";"365,710";"BR-153/GO";"Decrescente";"Colisão traseira";0;0;2;0;0;0;0;0;0;0;2;0;0;0;0
"30/01/2026";"13:24:00";"127";"Com vítima";"66,500";"BR-153/GO";"Crescente";"Colisão traseira";1;0;0;0;0;0;0;0;0;0;0;2;0;0;0
"30/01/2026";"17:41:00";"183";"Sem vítima";"722,970";"BR-153/TO";"Decrescente";"Colisão traseira";2;0;0;0;0;0;0;0;0;0;4;0;0;0;0
"30/01/2026";"23:02:00";"229";"Sem vítima";"106,100";"BR-153/GO";"Crescente";"Colisão lateral em sentido contrário";0;0;1;0;0;1;0;0;0;0;2;0;0;0;0
"31/01/2026";"03:40:00";"18";"Com vítima";"110,262";"BR-153/GO";"Crescente";"Choque";0;0;1;0;0;0;0;0;0;0;0;0;0;0;2
"31/01/2026";"05:20:00";"30";"Sem vítima";"134,400";"BR-080/GO";"Crescente";"Saída de pista";1;0;0;0;0;0;0;0;0;0;2;0;0;0;0
"31/01/2026";"10:32:00";"89";"Com vítima";"301,708";"BR-414/GO";"Crescente";"Saída de pista";1;0;0;0;0;0;0;0;0;0;0;1;0;1;0
"31/01/2026";"16:33:00";"160";"Sem vítima";"344,165";"BR-153/GO";"Decrescente";"Saída de pista";0;0;1;0;0;0;0;0;0;0;1;0;0;0;0
"31/01/2026";"20:58:00";"198";"Sem vítima";"113,500";"BR-153/GO";"Crescente";"Colisão frontal";1;0;0;0;0;0;0;0;0;0;1;0;0;0;0
"31/01/2026";"23:15:00";"214";"Sem vítima";"145,300";"BR-153/GO";"Crescente";"Atropelamento de animal";1;0;0;0;0;0;0;0;0;0;1;0;0;0;0
"01/02/2026";"04:40:00";"25";"Sem vítima";"722,900";"BR-153/TO";"Crescente";"Saída de pista";1;0;0;0;0;0;0;0;0;0;1;0;0;0;0
"01/02/2026";"06:35:00";"38";"Com vítima";"312,500";"BR-153/GO";"Crescente";"Saída de pista";1;0;0;0;0;0;0;0;0;0;1;1;0;0;0
"01/02/2026";"09:26:00";"74";"Sem vítima";"149,500";"BR-153/GO";"Decrescente";"Saída de pista";1;0;0;0;0;0;0;0;0;0;1;0;0;0;0
"01/02/2026";"14:40:00";"154";"Com vítima";"297,400";"BR-153/GO";"Crescente";"Capotamento";1;0;0;0;0;0;0;0;0;0;0;1;0;0;0
"01/02/2026";"19:59:00";"225";"Com vítima";"321,889";"BR-414/GO";"Crescente";"Colisão frontal";1;0;0;0;0;1;0;0;0;0;0;1;0;0;5
"02/02/2026";"07:18:00";"40";"Sem vítima";"306,300";"BR-153/GO";"Crescente";"Atropelamento de animal";1;0;0;0;0;0;0;0;0;0;2;0;0;0;0
"02/02/2026";"11:53:00";"102";"Sem vítima";"391,670";"BR-414/GO";"Crescente";"Tombamento";0;0;1;0;0;0;0;0;0;0;1;0;0;0;0
"02/02/2026";"22:03:00";"215";"Sem vítima";"212,000";"BR-153/GO";"Decrescente";"Choque";0;0;0;0;0;1;0;0;0;0;1;0;0;0;0
"03/02/2026";"10:22:00";"112";"Sem vítima";"412,000";"BR-414/GO";"Decrescente";"Colisão traseira";2;0;0;0;0;0;0;0;0;0;2;0;0;0;0
"03/02/2026";"12:03:00";"133";"Com vítima";"440,000";"BR-414/GO";"Crescente";"Colisão transversal";1;0;0;1;0;0;0;0;0;0;1;1;1;0;0
"03/02/2026";"17:18:00";"185";"Sem vítima";"364,000";"BR-153/GO";"Decrescente";"Colisão traseira";2;0;0;0;0;0;0;0;0;0;2;0;0;0;0
"03/02/2026";"20:45:00";"215";"Com vítima";"372,487";"BR-414/GO";"Crescente";"Atropelamento de ciclista";0;1;1;0;0;0;0;0;0;0;1;0;0;0;1
"04/02/2026";"05:47:00";"24";"Sem vítima";"252,006";"BR-153/GO";"Decrescente";"Colisão traseira";0;0;1;0;0;0;0;0;0;1;3;0;0;0;0
"04/02/2026";"14:20:00";"110";"Com vítima";"333,872";"BR-153/GO";"Decrescente";"Colisão transversal";1;0;1;0;0;0;0;0;0;0;1;1;0;0;0
"04/02/2026";"17:38:00";"156";"Sem vítima";"434,763";"BR-153/GO";"Decrescente";"Colisão lateral no mesmo sentido";1;0;0;0;0;1;0;0;0;0;2;0;0;0;0
"04/02/2026";"19:34:00";"177";"Sem vítima";"280,000";"BR-153/GO";"Decrescente";"Colisão lateral em sentido contrário";1;0;1;0;0;0;0;0;0;0;2;0;0;0;0
"04/02/2026";"20:20:00";"180";"Sem vítima";"436,976";"BR-153/GO";"Crescente";"Colisão lateral no mesmo sentido";2;0;0;0;1;0;0;0;0;0;6;0;0;0;0
"04/02/2026";"22:44:00";"199";"Com vítima";"434,000";"BR-153/GO";"Decrescente";"Choque";1;0;0;0;0;1;0;0;0;0;1;0;1;0;0
"04/02/2026";"23:57:00";"209";"Sem vítima";"733,287";"BR-153/TO";"Decrescente";"Atropelamento de animal";1;0;0;0;0;0;0;0;0;0;2;0;0;0;0
"05/02/2026";"13:12:00";"141";"Sem vítima";"332,000";"BR-414/GO";"Crescente";"Saída de pista";1;0;0;0;0;0;0;0;0;0;1;0;0;0;0
"05/02/2026";"15:00:00";"157";"Sem vítima";"744,315";"BR-153/TO";"Decrescente";"Colisão traseira";0;0;1;0;0;1;0;0;0;0;2;0;0;0;0
"05/02/2026";"20:30:00";"214";"Sem vítima";"122,300";"BR-153/GO";"Crescente";"Atropelamento de animal";1;0;0;0;0;0;0;0;0;0;5;0;0;0;0
"06/02/2026";"14:31:00";"128";"Sem vítima";"198,577";"BR-153/GO";"Decrescente";"Colisão traseira";1;0;0;0;0;0;0;0;0;0;3;0;0;0;0
"06/02/2026";"20:39:00";"203";"Com vítima";"438,000";"BR-153/GO";"Decrescente";"Colisão traseira";0;0;0;2;0;0;0;0;0;0;0;1;0;1;0
"07/02/2026";"06:07:00";"35";"Sem vítima";"78,000";"BR-153/GO";"Decrescente";"Choque";0;0;0;0;0;3;0;0;0;0;3;0;0;0;0
"08/02/2026";"00:10:00";"2";"Sem vítima";"204,000";"BR-153/GO";"Crescente";"Queda de moto";0;0;0;1;0;0;0;0;0;0;1;0;0;0;0
"08/02/2026";"04:10:00";"29";"Com vítima";"30,350";"BR-153/GO";"Decrescente";"Tombamento";0;0;0;0;0;1;0;0;0;0;0;0;0;0;2
"08/02/2026";"22:22:00";"222";"Sem vítima";"434,093";"BR-153/GO";"Crescente";"Choque";1;0;0;0;0;0;0;0;0;0;1;0;0;0;0
"08/02/2026";"22:48:00";"226";"Sem vítima";"434,400";"BR-153/GO";"Crescente";"Colisão traseira";2;0;0;0;0;0;0;0;0;0;5;0;0;0;0
"09/02/2026";"10:20:00";"99";"Sem vítima";"284,780";"BR-153/GO";"Decrescente";"Engavetamento";2;0;0;0;0;1;0;0;0;0;3;0;0;0;0
"09/02/2026";"12:38:00";"131";"Com vítima";"372,340";"BR-414/GO";"Crescente";"Saída de pista";1;0;0;0;0;0;0;0;0;0;0;1;0;0;0
"10/02/2026";"03:17:00";"18";"Sem vítima";"345,000";"BR-153/GO";"Decrescente";"Tombamento";0;0;1;0;0;0;0;0;0;0;1;0;0;0;0
"12/02/2026";"12:21:00";"107";"Sem vítima";"30,783";"BR-153/GO";"Crescente";"Tombamento";0;0;0;0;0;1;0;0;0;0;1;0;0;0;0
"12/02/2026";"16:56:00";"161";"Sem vítima";"284,300";"BR-153/GO";"Decrescente";"Colisão traseira";1;0;0;0;0;0;0;0;0;1;2;0;0;0;0
"12/02/2026";"17:15:00";"167";"Com vítima";"387,483";"BR-153/GO";"Crescente";"Colisão traseira";1;0;0;0;0;0;0;0;0;1;3;1;0;0;0
"12/02/2026";"23:06:00";"212";"Com vítima";"442,900";"BR-153/GO";"Crescente";"Colisão traseira";1;0;0;2;0;0;0;0;0;0;1;0;2;0;0
"13/02/2026";"02:44:00";"12";"Sem vítima";"304,240";"BR-414/GO";"Crescente";"Choque";0;0;0;0;0;1;0;0;0;0;1;0;0;0;0
"13/02/2026";"07:17:00";"50";"Com vítima";"676,040";"BR-153/TO";"Decrescente";"Colisão traseira";0;0;0;1;0;1;0;0;0;0;1;1;0;0;0
"13/02/2026";"07:42:00";"55";"Sem vítima";"440,000";"BR-414/GO";"Crescente";"Engavetamento";3;0;0;0;1;0;0;0;0;0;17;0;0;0;0
"13/02/2026";"08:03:00";"60";"Sem vítima";"760,190";"BR-153/TO";"Decrescente";"Colisão lateral no mesmo sentido";0;0;1;0;0;1;0;0;0;0;2;0;0;0;0
"13/02/2026";"13:34:00";"143";"Sem vítima";"227,200";"BR-153/GO";"Decrescente";"Engavetamento";1;0;0;0;0;1;0;0;0;1;4;0;0;0;0
"13/02/2026";"16:35:00";"177";"Sem vítima";"132,851";"BR-080/GO";"Decrescente";"Saída de pista";1;0;0;0;0;0;0;0;0;0;1;0;0;0;0
"13/02/2026";"19:26:00";"222";"Sem vítima";"429,500";"BR-153/GO";"Decrescente";"Capotamento";1;0;0;0;0;0;0;0;0;0;2;0;0;0;0
"14/02/2026";"00:17:00";"5";"Sem vítima";"374,000";"BR-414/GO";"Decrescente";"Atropelamento de animal";0;0;0;0;0;0;0;0;0;1;6;0;0;0;0
"14/02/2026";"03:50:00";"26";"Sem vítima";"420,000";"BR-414/GO";"Decrescente";"Saída de pista";0;0;0;0;0;0;0;0;0;1;1;0;0;0;0
"14/02/2026";"06:29:00";"48";"Com vítima";"631,220";"BR-153/TO";"Decrescente";"Tombamento";0;0;0;0;1;0;0;0;0;0;27;1;2;1;0
"14/02/2026";"06:32:00";"49";"Sem vítima";"227,800";"BR-153/GO";"Decrescente";"Atropelamento de animal";1;0;0;0;0;0;0;0;0;0;4;0;0;0;0
"14/02/2026";"08:14:00";"75";"Sem vítima";"17,770";"BR-153/GO";"Crescente";"Saída de pista";1;0;0;0;0;0;0;0;0;0;1;0;0;0;0
"14/02/2026";"13:21:00";"130";"Sem vítima";"438,200";"BR-153/GO";"Crescente";"Saída de pista";1;0;0;0;0;0;0;0;0;0;2;0;0;0;0
"14/02/2026";"14:39:00";"144";"Sem vítima";"645,080";"BR-153/TO";"Decrescente";"Saída de pista";0;0;0;0;0;0;0;0;0;1;3;0;0;0;0
"14/02/2026";"22:39:00";"246";"Sem vítima";"125,900";"BR-080/GO";"Decrescente";"Saída de pista";1;0;0;0;0;0;0;0;0;0;2;0;0;0;0
"15/02/2026";"12:34:00";"98";"Com vítima";"5,500";"BR-153/GO";"Crescente";"Colisão traseira";2;0;0;0;0;0;0;0;0;0;1;1;0;0;0
"15/02/2026";"13:22:00";"114";"Sem vítima";"93,320";"BR-153/GO";"Crescente";"Colisão traseira";0;0;0;0;1;2;0;0;0;0;10;0;0;0;0
"15/02/2026";"23:45:00";"223";"Sem vítima";"212,000";"BR-153/GO";"Crescente";"Saída de pista";1;0;0;0;0;0;0;0;0;0;2;0;0;0;0
"16/02/2026";"09:27:00";"74";"Sem vítima";"141,000";"BR-080/GO";"Crescente";"Tombamento";0;0;0;0;0;1;0;0;0;0;1;0;0;0;0
"16/02/2026";"10:59:00";"95";"Sem vítima";"116,860";"BR-153/GO";"Decrescente";"Engavetamento";0;0;0;0;0;4;0;0;0;0;8;0;0;0;0
"16/02/2026";"17:22:00";"177";"Com vítima";"331,660";"BR-153/GO";"Decrescente";"Saída de pista";1;0;0;0;0;0;0;0;0;0;3;1;0;0;0
"17/02/2026";"20:13:00";"275";"Sem vítima";"398,700";"BR-414/GO";"Decrescente";"Atropelamento de animal";1;0;0;0;0;0;0;0;0;0;2;0;0;0;0
"18/02/2026";"08:21:00";"65";"Sem vítima";"434,000";"BR-153/GO";"Decrescente";"Colisão lateral no mesmo sentido";2;0;0;0;0;0;0;0;0;0;2;0;0;0;0
"18/02/2026";"11:08:00";"97";"Sem vítima";"419,500";"BR-153/GO";"Decrescente";"Queda de moto";0;0;0;1;0;0;0;0;0;0;1;0;0;0;0
"18/02/2026";"12:39:00";"110";"Sem vítima";"110,960";"BR-080/GO";"Decrescente";"Colisão transversal";1;0;0;0;0;0;0;0;0;1;5;0;0;0;0
"18/02/2026";"20:14:00";"206";"Com vítima";"300,000";"BR-153/GO";"Decrescente";"Atropelamento de ciclista";0;1;0;0;0;1;0;0;0;0;1;0;0;0;0
"19/02/2026";"09:45:00";"89";"Sem vítima";"398,490";"BR-153/GO";"Decrescente";"Colisão traseira";2;0;0;0;0;0;0;0;0;0;7;0;0;0;0
"19/02/2026";"15:51:00";"153";"Sem vítima";"699,800";"BR-153/TO";"Decrescente";"Engavetamento";0;0;0;0;0;3;0;0;0;0;3;0;0;0;0
"19/02/2026";"16:01:00";"156";"Sem vítima";"782,330";"BR-153/TO";"Crescente";"Saída de pista";0;0;0;0;0;2;0;0;0;0;2;0;0;0;0
"19/02/2026";"16:22:00";"162";"Com vítima";"692,600";"BR-153/TO";"Crescente";"Colisão transversal";0;0;0;1;0;0;0;0;0;1;2;0;1;0;0
"19/02/2026";"17:35:00";"180";"Com vítima";"681,284";"BR-153/TO";"Decrescente";"Queda de moto";0;0;0;1;0;1;0;0;0;0;1;1;0;0;0
"20/02/2026";"07:49:00";"40";"Sem vítima";"335,950";"BR-153/GO";"Crescente";"Saída de pista";0;0;0;0;0;0;0;0;0;1;1;0;0;0;0
"20/02/2026";"11:26:00";"90";"Sem vítima";"136,370";"BR-080/GO";"Decrescente";"Saída de pista";1;0;0;0;0;0;0;0;0;0;1;0;0;0;0
"20/02/2026";"21:35:00";"175";"Sem vítima";"300,000";"BR-153/GO";"Decrescente";"Colisão traseira";1;0;0;0;0;1;0;0;0;0;5;0;0;0;0
"20/02/2026";"22:34:00";"179";"Com vítima";"433,490";"BR-153/GO";"Decrescente";"Saída de pista";1;0;0;0;0;0;0;0;0;0;0;0;1;0;0
"21/02/2026";"01:17:00";"7";"Com vítima";"309,405";"BR-153/GO";"Decrescente";"Colisão frontal";0;0;0;0;1;0;0;0;0;1;1;4;0;1;0
"21/02/2026";"05:43:00";"24";"Com vítima";"81,000";"BR-153/GO";"Crescente";"Colisão transversal";0;0;0;0;0;1;0;0;0;1;1;0;0;1;0
"21/02/2026";"11:45:00";"95";"Sem vítima";"105,474";"BR-153/GO";"Crescente";"Saída de pista";1;0;0;0;0;0;0;0;0;0;5;0;0;0;0
"21/02/2026";"14:33:00";"120";"Com vítima";"786,950";"BR-153/TO";"Decrescente";"Colisão lateral no mesmo sentido";0;0;0;1;0;1;0;0;0;0;1;0;1;0;0
"21/02/2026";"19:41:00";"170";"Sem vítima";"329,323";"BR-414/GO";"Crescente";"Saída de pista";1;0;0;0;0;0;0;0;0;0;2;0;0;0;0
"21/02/2026";"21:23:00";"189";"Sem vítima";"174,120";"BR-080/GO";"Decrescente";"Atropelamento de animal";0;0;0;0;0;0;0;0;0;1;3;0;0;0;0
"22/02/2026";"06:32:00";"34";"Com vítima";"134,570";"BR-080/GO";"Crescente";"Queda de moto";0;0;0;1;0;0;0;0;0;0;0;1;0;0;0
"22/02/2026";"07:06:00";"42";"Com vítima";"697,266";"BR-153/TO";"Decrescente";"Colisão lateral em sentido contrário";1;0;0;0;0;1;0;0;0;0;1;1;0;0;0
"22/02/2026";"14:04:00";"141";"Sem vítima";"678,607";"BR-153/TO";"Crescente";"Tombamento";0;0;0;0;0;1;0;0;0;0;1;0;0;0;0
"23/02/2026";"06:04:00";"24";"Com vítima";"441,000";"BR-153/GO";"Decrescente";"Colisão lateral no mesmo sentido";0;0;0;1;0;0;0;0;0;1;1;0;1;0;0
"23/02/2026";"12:17:00";"104";"Com vítima";"143,000";"BR-080/GO";"Crescente";"Tombamento";0;0;0;0;0;0;0;0;0;1;0;2;0;0;0
"23/02/2026";"13:19:00";"113";"Com vítima";"426,000";"BR-414/GO";"Decrescente";"Queda de moto";0;0;0;1;0;0;0;0;0;0;0;1;0;0;0
"23/02/2026";"15:43:00";"143";"Com vítima";"434,000";"BR-153/GO";"Decrescente";"Colisão traseira";0;1;0;1;0;0;0;0;0;0;1;0;0;0;0
"23/02/2026";"17:08:00";"163";"Sem vítima";"431,415";"BR-153/GO";"Crescente";"Colisão traseira";1;0;1;0;0;0;0;0;0;0;4;0;0;0;0
"23/02/2026";"18:04:00";"171";"Com vítima";"128,800";"BR-153/GO";"Decrescente";"Choque";1;0;0;0;0;0;0;0;0;0;2;0;3;0;0
"24/02/2026";"12:57:00";"98";"Sem vítima";"158,268";"BR-153/GO";"Crescente";"Tombamento";1;0;0;0;0;0;0;0;0;0;3;0;0;0;0
"24/02/2026";"19:46:00";"161";"Sem vítima";"138,800";"BR-153/GO";"Decrescente";"Acidentes de outra natureza";0;0;0;0;0;1;0;0;0;0;1;0;0;0;0
"25/02/2026";"10:21:00";"64";"Com vítima";"165,000";"BR-080/GO";"Decrescente";"Capotamento";1;0;0;0;0;0;0;0;0;0;0;2;0;0;0
"25/02/2026";"16:08:00";"138";"Com vítima";"351,715";"BR-153/GO";"Crescente";"Saída de pista";0;0;1;0;0;0;0;0;0;0;0;1;0;0;0
"25/02/2026";"18:10:00";"160";"Sem vítima";"182,000";"BR-153/GO";"Crescente";"Colisão lateral no mesmo sentido";1;0;0;0;0;1;0;0;0;0;2;0;0;0;0
"26/02/2026";"15:00:00";"163";"Com vítima";"371,500";"BR-153/GO";"Decrescente";"Colisão transversal";2;0;0;0;0;0;0;0;0;0;2;0;1;0;0
"26/02/2026";"17:34:00";"193";"Com vítima";"110,875";"BR-080/GO";"Decrescente";"Colisão transversal";1;0;0;0;0;0;0;0;0;1;2;1;0;0;0
"26/02/2026";"19:56:00";"206";"Com vítima";"438,500";"BR-153/GO";"Crescente";"Colisão traseira";1;0;1;0;0;0;0;0;0;0;1;1;0;1;0
"27/02/2026";"05:20:00";"23";"Sem vítima";"317,800";"BR-414/GO";"Decrescente";"Colisão traseira";0;0;0;0;0;1;0;0;0;1;2;0;0;0;0
"27/02/2026";"11:48:00";"92";"Sem vítima";"146,318";"BR-153/GO";"Decrescente";"Saída de pista";0;0;0;0;0;0;0;0;0;1;3;0;0;0;0
"27/02/2026";"12:10:00";"98";"Com vítima";"356,368";"BR-153/GO";"Crescente";"Colisão transversal";2;0;0;0;0;0;0;0;0;0;4;0;1;0;0
"27/02/2026";"15:05:00";"123";"Sem vítima";"377,850";"BR-153/GO";"Decrescente";"Saída de pista";1;0;0;0;0;0;0;0;0;0;1;0;0;0;0
"27/02/2026";"15:14:00";"127";"Sem vítima";"127,500";"BR-153/GO";"Decrescente";"Tombamento";0;0;0;0;0;1;0;0;0;0;1;0;0;0;0
"27/02/2026";"16:39:00";"149";"Sem vítima";"785,000";"BR-153/TO";"Decrescente";"Colisão traseira";0;0;0;0;0;2;0;0;0;0;2;0;0;0;0
"27/02/2026";"21:51:00";"191";"Com vítima";"384,836";"BR-153/GO";"Decrescente";"Colisão traseira";0;0;0;0;1;1;0;0;0;0;15;6;10;3;0
"28/02/2026";"09:49:00";"93";"Com vítima";"428,622";"BR-153/GO";"Crescente";"Saída de pista";1;0;0;0;0;0;0;0;0;0;0;0;1;0;0
"28/02/2026";"10:59:00";"106";"Sem vítima";"640,000";"BR-153/TO";"Decrescente";"Colisão traseira";1;0;0;0;0;1;0;0;0;0;5;0;0;0;0
"28/02/2026";"11:11:00";"110";"Sem vítima";"312,000";"BR-153/GO";"Decrescente";"Colisão traseira";0;0;1;0;0;1;0;0;0;0;2;0;0;0;0
"28/02/2026";"20:09:00";"211";"Com vítima";"728,100";"BR-153/TO";"Decrescente";"Colisão frontal";2;0;0;0;0;0;0;0;0;0;0;0;2;1;0
"28/02/2026";"21:50:00";"219";"Sem vítima";"22,700";"BR-153/GO";"Decrescente";"Atropelamento de animal";1;0;0;0;0;0;0;0;0;0;4;0;0;0;0
"28/02/2026";"23:11:00";"225";"Sem vítima";"300,679";"BR-414/GO";"Decrescente";"Atropelamento de animal";1;0;0;0;0;0;0;0;0;0;4;0;0;0;0